Workbook

Sheet Perfil F-v PRESS BANCA
A2: 1 RM DIARIO Y CARGA DE TRABAJO | G2: EVOLUCIÓN 1RM
B4: CELDAS EN COLOR AZUL EDITABLES | G4: CELDAS EN COLOR AZUL EDITABLES
B5: ANALISIS LEVANTAMIENTO | G5: ="EVOLUCIÓN 1RM"&"-"&'Perfil F-v PRESS BANCA'!J40 -> EVOLUCIÓN 1RM-PRESS BANCA
B6: PRESS BANCA | G6: FECHA | H6: Levantamiento (kg) | I6: Velocidad (m/s) | J6: %1RM | K6: 1RM (kg)
B7: PESO (Kg) | C7: VELOCIDAD (m/s) | G7: 43924 | H7: 120 | I7: 0.2 | J7: =IF((I7=""),(""),((('Perfil F-v PRESS BANCA'!$O$55-I7)/-'Perfil F-v PRESS BANCA'!$O$56))) -> 98.390805 | K7: =IF((I7=""),(NA()),((H7*100)/J7)) -> 121.96262
B8: 120 | C8: 0.16 | G8: 43925 | H8: 100 | I8: 0.35 | J8: =IF((I8=""),(""),((('Perfil F-v PRESS BANCA'!$O$55-I8)/-'Perfil F-v PRESS BANCA'!$O$56))) -> 81.149425 | K8: =IF((I8=""),(NA()),((H8*100)/J8)) -> 123.22946
B9: % 1RM | C9: =(FIXED((('Perfil F-v PRESS BANCA'!O55-C8)/-'Perfil F-v PRESS BANCA'!O56),2)) -> 102,99
B10: R2 | C10: ='Perfil F-v PRESS BANCA'!O58 -> 0.99708481
B11: 1RM | C11: =(((B8*100)/C9)) -> 116.51617
B13: CÁLCULO PESO DE TRABAJO
B14: % 1RM de trabajo | C14: Peso a utilizar
B15: 95 | C15: =(C11*B15)/100 -> 110.69036
B17: PESO BARRA | C17: PESO MINIMO DISCO
B18: 20 | C18: 1.25
B19: PESO POR EXTREMO BARRA
B20: =(CEILING(((C15-B18)/2),C18)) -> 46.25
G35: =IF(('Perfil F-v PRESS BANCA'!C47=""),(""),(FIXED((('Perfil F-v PRESS BANCA'!$O$55-'Perfil F-v PRESS BANCA'!C47)/-'Perfil F-v PRESS BANCA'!$O$56),2)))
A36: GRÁFICAS | G36: PERFIL | M36: DATOS (no editable)
A37: PRESS BANCA
H38: CELDAS EN COLOR AZUL EDITABLES
H39: ="PERFIL"&" "& J40 -> PERFIL PRESS BANCA | N39: ='Perfil F-v PRESS BANCA'!J40 -> PRESS BANCA
I40: EJERCICIO | J40: PRESS BANCA | N40: CONSTANTE TEST PERFIL | P40: =FIXED(INTERCEPT('Perfil F-v PRESS BANCA'!J44:J48,'Perfil F-v PRESS BANCA'!I44:I48),4) -> 1,0560
H41: % 1RM conservador | I41: VELOCIDAD UMBRAL | J41: 0.19 | N41: PENDIENTE TEST PERFIL | P41: =FIXED(SLOPE('Perfil F-v PRESS BANCA'!J44:J48,'Perfil F-v PRESS BANCA'!I44:I48),4) -> -0,0078
H42: aconsejado para | I42: TEST | N42: ECUACIÓN TEST PERFIL | P42: =CONCATENATE("Y=",P41,"x + ",P40) -> Y=-0,0078x + 1,0560
H43: realizar el test | I43: PESO | J43: VELOCIDAD | N43: Se sustituye Y por V. Umbral: | P43: =CONCATENATE("X=((",P40,"-",'Perfil F-v PRESS BANCA'!$J$41,")/",-P41,")") -> X=((1,0560-0,19)/0,0078)
H44: 0.75 | I44: 80 | J44: 0.43 | N44: 1 RM (se despeja la x) | P44: =-(P40-'Perfil F-v PRESS BANCA'!J41)/P41 -> 111.02564
H45: 0.8 | I45: 85 | J45: 0.39 | N45: R2 TEST PERFIL | P45: =RSQ('Perfil F-v PRESS BANCA'!J44:J48,'Perfil F-v PRESS BANCA'!I44:I48) -> 0.99281984
H46: 0.85 | I46: 90 | J46: 0.36
H47: 0.9 | I47: 95 | J47: 0.32 | N47: RELACION VELOCIDAD - %1RM
H48: 0.95 | I48: 100 | J48: 0.27 | N48: PESO (kg) | O48: %1RM (X) | P48: VELOCIDAD (Y)
H49: Descanso: 3' | I49: R2 | J49: ='Perfil F-v PRESS BANCA'!P45 -> 0.99281984 | N49: ='Perfil F-v PRESS BANCA'!I44 -> 80 | O49: =(100*N49)/'Perfil F-v PRESS BANCA'!$P$44 -> 72.055427 | P49: ='Perfil F-v PRESS BANCA'!J44 -> 0.43
N50: ='Perfil F-v PRESS BANCA'!I45 -> 85 | O50: =(100*N50)/'Perfil F-v PRESS BANCA'!$P$44 -> 76.558891 | P50: ='Perfil F-v PRESS BANCA'!J45 -> 0.39
H51: Levantar con velocidad intencional máxima y técnica idéntica | N51: ='Perfil F-v PRESS BANCA'!I46 -> 90 | O51: =(100*N51)/'Perfil F-v PRESS BANCA'!$P$44 -> 81.062356 | P51: ='Perfil F-v PRESS BANCA'!J46 -> 0.36
H52: R2 superiores 0,99 ofrecen mediciones de 1RM muy precisas | N52: ='Perfil F-v PRESS BANCA'!I47 -> 95 | O52: =(100*N52)/'Perfil F-v PRESS BANCA'!$P$44 -> 85.56582 | P52: ='Perfil F-v PRESS BANCA'!J47 -> 0.32
H53: R2 entre 0,99-0,98 pueden sesgar el 1RM hasta un 5% | N53: ='Perfil F-v PRESS BANCA'!I48 -> 100 | O53: =(100*N53)/'Perfil F-v PRESS BANCA'!$P$44 -> 90.069284 | P53: ='Perfil F-v PRESS BANCA'!J48 -> 0.27
H54: R2 inferior a 0,98 aconsejan repetir el test | N54: ='Perfil F-v PRESS BANCA'!P44 -> 111.02564 | O54: =(100*N54)/'Perfil F-v PRESS BANCA'!$P$44 -> 100 | P54: ='Perfil F-v PRESS BANCA'!J41 -> 0.19
N55: CONSTANTE FINAL | O55: =FIXED(INTERCEPT(P49:P54,O49:O54),4) -> 1,0560
N56: PENDIENTE FINAL | O56: =FIXED(SLOPE(P49:P54,O49:O54),4) -> -0,0087
N57: ECUACIÓN FINAL | O57: =CONCATENATE("Y=",O56,"x + ",O55) -> Y=-0,0087x + 1,0560
N58: R2 FINAL | O58: =RSQ(P49:P54,O49:O54) -> 0.99708481
G61: RELACIÓN INDIVIDUAL ENTRE VARIABLES DE CUANTIFICACIÓN DE LA CARGA EN PRESS BANCA (no editable)
L62: Niveles de esfuerzo percibido
L63: Máximo | M63: Muy alto | O63: Alto | Q63: Medio
J64: Escalas | K64: RPE | L64: 19 - 20 | M64: 17 - 18 | N64: 16 - 17 | O64: 15 - 16 | P64: 14 - 15 | Q64: 13 - 14 | R64: 12 - 13
K65: CR-10 | L65: 9.5 - 10 | M65: 8.5 - 9 | N65: 8 - 8.5 | O65: 7.5 - 8 | P65: 7 - 7.5 | Q65: 6.5 - 7 | R65: 6 - 6.5
K66: RIR | L66: 0 | M66: 1 | N66: 2 | O66: 3 | P66: 4 | Q66: 5 | R66: 6
G68: Niveles de intensidad | H68: %1RM | I68: Velocidad fase propulsiva 1ª repetición (m/s) | K68: Press banca (VMP) | L68: =J70 -> 0.19 | M68: =J71 -> 0.2375 | N68: =J72 -> 0.296875 | O68: =J73 -> 0.35625 | P68: =J74 -> 0.40375 | Q68: =J75 -> 0.463125 | R68: =J76 -> 0.49875
I69: Clasificación | J69: Press banca (VMP) | L69: REPETICIONES REALIZABLES
G70: Muy pesado | H70: 98-100% | I70: Muy lenta | J70: =J41 -> 0.19 | L70: 1
H71: 95-97% | J71: =J70*J93 -> 0.2375 | L71: 2 | M71: 1
H72: 92-94% | J72: =J70*J94 -> 0.296875 | L72: 3 | M72: 2 | N72: 1
G73: Pesado | H73: 89-91% | J73: =J70*J95 -> 0.35625 | L73: 4 | M73: 3 | N73: 2 | O73: 1
H74: 85-88% | J74: =J70*J96 -> 0.40375 | L74: 5 | M74: 4 | N74: 3 | O74: 2 | P74: 1
H75: 83-84% | J75: =J70*J97 -> 0.463125 | L75: 6 | M75: 5 | N75: 4 | O75: 3 | P75: 2 | Q75: 1
H76: 81-82% | I76: Lenta | J76: =J70*J98 -> 0.49875 | L76: 7 | M76: 6 | N76: 5 | O76: 4 | P76: 3 | Q76: 2 | R76: 1
G77: Medio | H77: 78-80% | J77: =J70*J99 -> 0.54625 | L77: 8 | M77: 7 | N77: 6 | O77: 5 | P77: 4 | Q77: 3 | R77: 2
H78: 75-77% | J78: =J70*J100 -> 0.605625 | L78: 9 | M78: 8 | N78: 7 | O78: 6 | P78: 5 | Q78: 4 | R78: 3
H79: 72-74% | J79: =J70*J101 -> 0.665 | L79: 10 | M79: 9 | N79: 8 | O79: 7 | P79: 6 | Q79: 5 | R79: 4
H80: 69-71% | J80: =J70*J102 -> 0.7125 | L80: 11 | M80: 10 | N80: 9 | O80: 8 | P80: 7 | Q80: 6 | R80: 5
H81: 66-68% | J81: =J70*J103 -> 0.78375 | L81: 12 | M81: 11 | N81: 10 | O81: 9 | P81: 8 | Q81: 7 | R81: 6
G82: Liviano | H82: 64-65% | J82: =J70*J104 -> 0.83125 | L82: 13 | M82: 12 | N82: 11 | O82: 10 | P82: 9 | Q82: 8 | R82: 7
H83: 61-63% | J83: =J70*J105 -> 0.87875 | L83: 14 | M83: 13 | N83: 12 | O83: 11 | P83: 10 | Q83: 9 | R83: 8
A84: ='Perfil F-v PRESS BANCA'!$B$21 | E84: ='Perfil F-v PRESS BANCA'!$C$21 | H84: 58-60% | I84: Media | J84: =J70*J106 -> 0.938125 | L84: 15 | M84: 14 | N84: 13 | O84: 12 | P84: 11 | Q84: 10 | R84: 9
H85: 55-57% | J85: =J70*J107 -> 0.9975 | L85: 16 | M85: 15 | N85: 14 | O85: 13 | P85: 12 | Q85: 11 | R85: 10
H86: 52-54% | J86: =J70*J108 -> 1.056875 | L86: 17 | M86: 16 | N86: 15 | O86: 14 | P86: 13 | Q86: 12 | R86: 11
H87: 50-51% | J87: =J70*J109 -> 1.104375 | L87: 18 | M87: 17 | N87: 16 | O87: 15 | P87: 14 | Q87: 13 | R87: 12
J93: 1.25
J94: 1.5625
J95: 1.875
J96: 2.125
J97: 2.4375
J98: 2.625
J99: 2.875
J100: 3.1875
J101: 3.5
J102: 3.75
J103: 4.125
J104: 4.375
J105: 4.625
B106: ='Perfil F-v PRESS BANCA'!$B$21 | D106: ='Perfil F-v PRESS BANCA'!$C$21 | J106: 4.9375
J107: 5.25
J108: 5.5625
J109: 5.8125
B131: ='Perfil F-v PRESS BANCA'!$B$21

Sheet Perfil F-v SENTADILLA
A1: App MyLift® for iOS edición EXCEL. SENTADILLA
A3: 1 RM DIARIO Y CARGA DE TRABAJO | H3: EVOLUCIÓN 1RM
N4: Editado y desarrollado por:
B5: CELDAS EN COLOR AZUL EDITABLES | H5: CELDAS EN COLOR AZUL EDITABLES
B6: ANALISIS LEVANTAMIENTO | H6: ="EVOLUCIÓN 1RM"&"-"&'Perfil F-v SENTADILLA'!K41 -> EVOLUCIÓN 1RM-SENTADILLA | N6: Dr. Carlos Balsalobre Fernández
B7: ='Perfil F-v SENTADILLA'!K41 -> SENTADILLA | H7: FECHA | I7: Levantamiento (kg) | J7: Velocidad (m/s) | K7: %1RM | L7: 1RM (kg) | N7: David Marchante Domingo
B8: PESO (Kg) | C8: VELOCIDAD (m/s) | H8: 43924 | I8: 85 | J8: 0.69 | K8: =IF((J8=""),(""),((('Perfil F-v SENTADILLA'!$P$56-J8)/-'Perfil F-v SENTADILLA'!$P$57))) -> 64.07767 | L8: =IF((J8=""),(NA()),((I8*100)/K8)) -> 132.65152 | N8: Carlos Bustillo García
B9: 85 | C9: 0.69 | H9: 43925 | I9: 85 | J9: 0.74 | K9: =IF((J9=""),(""),((('Perfil F-v SENTADILLA'!$P$56-J9)/-'Perfil F-v SENTADILLA'!$P$57))) -> 59.223301 | L9: =IF((J9=""),(NA()),((I9*100)/K9)) -> 143.52459 | N9: Pedro Juan Spain
B10: % 1RM | C10: =(FIXED((('Perfil F-v SENTADILLA'!P56-C9)/-'Perfil F-v SENTADILLA'!P57),2)) -> 64,08 | K10: =IF((J10=""),(""),((('Perfil F-v SENTADILLA'!$P$56-J10)/-'Perfil F-v SENTADILLA'!$P$57))) | L10: =IF((J10=""),(NA()),((I10*100)/K10)) -> #N/A | N10: Mario Muñoz López
B11: R2 | C11: ='Perfil F-v SENTADILLA'!P59 -> 1 | K11: =IF((J11=""),(""),((('Perfil F-v SENTADILLA'!$P$56-J11)/-'Perfil F-v SENTADILLA'!$P$57))) | L11: =IF((J11=""),(NA()),((I11*100)/K11)) -> #N/A
B12: 1RM | C12: =(((B9*100)/C10)) -> 132.64669 | K12: =IF((J12=""),(""),((('Perfil F-v SENTADILLA'!$P$56-J12)/-'Perfil F-v SENTADILLA'!$P$57))) | L12: =IF((J12=""),(NA()),((I12*100)/K12)) -> #N/A
K13: =IF((J13=""),(""),((('Perfil F-v SENTADILLA'!$P$56-J13)/-'Perfil F-v SENTADILLA'!$P$57))) | L13: =IF((J13=""),(NA()),((I13*100)/K13)) -> #N/A
B14: CÁLCULO PESO DE TRABAJO | K14: =IF((J14=""),(""),((('Perfil F-v SENTADILLA'!$P$56-J14)/-'Perfil F-v SENTADILLA'!$P$57))) | L14: =IF((J14=""),(NA()),((I14*100)/K14)) -> #N/A
B15: % 1RM de trabajo | C15: Peso a utilizar | K15: =IF((J15=""),(""),((('Perfil F-v SENTADILLA'!$P$56-J15)/-'Perfil F-v SENTADILLA'!$P$57))) | L15: =IF((J15=""),(NA()),((I15*100)/K15)) -> #N/A
B16: 65 | C16: =(C12*B16)/100 -> 86.22035 | K16: =IF((J16=""),(""),((('Perfil F-v SENTADILLA'!$P$56-J16)/-'Perfil F-v SENTADILLA'!$P$57))) | L16: =IF((J16=""),(NA()),((I16*100)/K16)) -> #N/A
K17: =IF((J17=""),(""),((('Perfil F-v SENTADILLA'!$P$56-J17)/-'Perfil F-v SENTADILLA'!$P$57))) | L17: =IF((J17=""),(NA()),((I17*100)/K17)) -> #N/A
B18: PESO BARRA | C18: PESO MINIMO DISCO | K18: =IF((J18=""),(""),((('Perfil F-v SENTADILLA'!$P$56-J18)/-'Perfil F-v SENTADILLA'!$P$57))) | L18: =IF((J18=""),(NA()),((I18*100)/K18)) -> #N/A
B19: 20 | C19: 1.25 | K19: =IF((J19=""),(""),((('Perfil F-v SENTADILLA'!$P$56-J19)/-'Perfil F-v SENTADILLA'!$P$57))) | L19: =IF((J19=""),(NA()),((I19*100)/K19)) -> #N/A
B20: PESO POR EXTREMO BARRA | K20: =IF((J20=""),(""),((('Perfil F-v SENTADILLA'!$P$56-J20)/-'Perfil F-v SENTADILLA'!$P$57))) | L20: =IF((J20=""),(NA()),((I20*100)/K20)) -> #N/A | Q20: App Mylift for iOS
B21: =(CEILING(((C16-B19)/2),C19)) -> 33.75 | K21: =IF((J21=""),(""),((('Perfil F-v SENTADILLA'!$P$56-J21)/-'Perfil F-v SENTADILLA'!$P$57))) | L21: =IF((J21=""),(NA()),((I21*100)/K21)) -> #N/A
B22: ='Perfil F-v PRESS BANCA'!B21 | C22: ='Perfil F-v PRESS BANCA'!C21 | K22: =IF((J22=""),(""),((('Perfil F-v SENTADILLA'!$P$56-J22)/-'Perfil F-v SENTADILLA'!$P$57))) | L22: =IF((J22=""),(NA()),((I22*100)/K22)) -> #N/A
K23: =IF((J23=""),(""),((('Perfil F-v SENTADILLA'!$P$56-J23)/-'Perfil F-v SENTADILLA'!$P$57))) | L23: =IF((J23=""),(NA()),((I23*100)/K23)) -> #N/A
K24: =IF((J24=""),(""),((('Perfil F-v SENTADILLA'!$P$56-J24)/-'Perfil F-v SENTADILLA'!$P$57))) | L24: =IF((J24=""),(NA()),((I24*100)/K24)) -> #N/A
K25: =IF((J25=""),(""),((('Perfil F-v SENTADILLA'!$P$56-J25)/-'Perfil F-v SENTADILLA'!$P$57))) | L25: =IF((J25=""),(NA()),((I25*100)/K25)) -> #N/A
K26: =IF((J26=""),(""),((('Perfil F-v SENTADILLA'!$P$56-J26)/-'Perfil F-v SENTADILLA'!$P$57))) | L26: =IF((J26=""),(NA()),((I26*100)/K26)) -> #N/A
K27: =IF((J27=""),(""),((('Perfil F-v SENTADILLA'!$P$56-J27)/-'Perfil F-v SENTADILLA'!$P$57))) | L27: =IF((J27=""),(NA()),((I27*100)/K27)) -> #N/A
K28: =IF((J28=""),(""),((('Perfil F-v SENTADILLA'!$P$56-J28)/-'Perfil F-v SENTADILLA'!$P$57))) | L28: =IF((J28=""),(NA()),((I28*100)/K28)) -> #N/A
K29: =IF((J29=""),(""),((('Perfil F-v SENTADILLA'!$P$56-J29)/-'Perfil F-v SENTADILLA'!$P$57))) | L29: =IF((J29=""),(NA()),((I29*100)/K29)) -> #N/A
K30: =IF((J30=""),(""),((('Perfil F-v SENTADILLA'!$P$56-J30)/-'Perfil F-v SENTADILLA'!$P$57))) | L30: =IF((J30=""),(NA()),((I30*100)/K30)) -> #N/A
K31: =IF((J31=""),(""),((('Perfil F-v SENTADILLA'!$P$56-J31)/-'Perfil F-v SENTADILLA'!$P$57))) | L31: =IF((J31=""),(NA()),((I31*100)/K31)) -> #N/A
K32: =IF((J32=""),(""),((('Perfil F-v SENTADILLA'!$P$56-J32)/-'Perfil F-v SENTADILLA'!$P$57))) | L32: =IF((J32=""),(NA()),((I32*100)/K32)) -> #N/A
K33: =IF((J33=""),(""),((('Perfil F-v SENTADILLA'!$P$56-J33)/-'Perfil F-v SENTADILLA'!$P$57))) | L33: =IF((J33=""),(NA()),((I33*100)/K33)) -> #N/A
A37: GRÁFICAS | H37: PERFIL | N37: DATOS (no editable)
A38: ='Perfil F-v SENTADILLA'!K41 -> SENTADILLA
I39: CELDAS EN COLOR AZUL EDITABLES
I40: ="PERFIL"&" "& K41 -> PERFIL SENTADILLA | O40: ='Perfil F-v SENTADILLA'!K41 -> SENTADILLA
J41: EJERCICIO | K41: SENTADILLA | O41: CONSTANTE TEST PERFIL | Q41: =FIXED(INTERCEPT('Perfil F-v SENTADILLA'!K45:K49,'Perfil F-v SENTADILLA'!J45:J49),4) -> 1,3500
I42: % 1RM conservador | J42: VELOCIDAD UMBRAL | K42: 0.32 | O42: PENDIENTE TEST PERFIL | Q42: =FIXED(SLOPE('Perfil F-v SENTADILLA'!K45:K49,'Perfil F-v SENTADILLA'!J45:J49),4) -> -0,0100
I43: aconsejado para | J43: TEST | O43: ECUACIÓN TEST PERFIL | Q43: =CONCATENATE("Y=",Q42,"x + ",Q41) -> Y=-0,0100x + 1,3500
I44: realizar el test | J44: PESO | K44: VELOCIDAD | O44: Se sustituye Y por V. Umbral: | Q44: =CONCATENATE("X=((",Q41,"-",'Perfil F-v SENTADILLA'!$K$42,")/",-Q42,")") -> X=((1,3500-0,32)/0,01)
I45: 0.75 | J45: 75 | K45: 0.6 | O45: 1 RM (se despeja la x) | Q45: =-(Q41-'Perfil F-v SENTADILLA'!K42)/Q42 -> 103
I46: 0.8 | J46: 80 | K46: 0.55 | O46: R2 TEST PERFIL | Q46: =RSQ('Perfil F-v SENTADILLA'!K45:K49,'Perfil F-v SENTADILLA'!J45:J49) -> 1
I47: 0.85 | J47: 85 | K47: 0.5
I48: 0.9 | J48: 90 | K48: 0.45 | O48: RELACION VELOCIDAD - %1RM
I49: 0.95 | J49: 95 | K49: 0.4 | O49: PESO (kg) | P49: %1RM (X) | Q49: VELOCIDAD (Y)
I50: Descanso: 3' | J50: R2 | K50: ='Perfil F-v SENTADILLA'!Q46 -> 1 | O50: ='Perfil F-v SENTADILLA'!J45 -> 75 | P50: =(100*O50)/'Perfil F-v SENTADILLA'!$Q$45 -> 72.815534 | Q50: ='Perfil F-v SENTADILLA'!K45 -> 0.6
O51: ='Perfil F-v SENTADILLA'!J46 -> 80 | P51: =(100*O51)/'Perfil F-v SENTADILLA'!$Q$45 -> 77.669903 | Q51: ='Perfil F-v SENTADILLA'!K46 -> 0.55
I52: Levantar con velocidad intencional máxima y técnica idéntica | O52: ='Perfil F-v SENTADILLA'!J47 -> 85 | P52: =(100*O52)/'Perfil F-v SENTADILLA'!$Q$45 -> 82.524272 | Q52: ='Perfil F-v SENTADILLA'!K47 -> 0.5
I53: R2 superiores 0,99 ofrecen mediciones de 1RM muy precisas | O53: ='Perfil F-v SENTADILLA'!J48 -> 90 | P53: =(100*O53)/'Perfil F-v SENTADILLA'!$Q$45 -> 87.378641 | Q53: ='Perfil F-v SENTADILLA'!K48 -> 0.45
I54: R2 entre 0,99-0,98 pueden sesgar el 1RM hasta un 5% | O54: ='Perfil F-v SENTADILLA'!J49 -> 95 | P54: =(100*O54)/'Perfil F-v SENTADILLA'!$Q$45 -> 92.23301 | Q54: ='Perfil F-v SENTADILLA'!K49 -> 0.4
I55: R2 inferior a 0,98 aconsejan repetir el test | O55: ='Perfil F-v SENTADILLA'!Q45 -> 103 | P55: =(100*O55)/'Perfil F-v SENTADILLA'!$Q$45 -> 100 | Q55: ='Perfil F-v SENTADILLA'!K42 -> 0.32
I56: ='Perfil F-v SENTADILLA'!$B$22 | K56: ='Perfil F-v SENTADILLA'!$C$22 | O56: CONSTANTE FINAL | P56: =FIXED(INTERCEPT(Q50:Q55,P50:P55),4) -> 1,3500
O57: PENDIENTE FINAL | P57: =FIXED(SLOPE(Q50:Q55,P50:P55),4) -> -0,0103
O58: ECUACIÓN FINAL | P58: =CONCATENATE("Y=",P57,"x + ",P56) -> Y=-0,0103x + 1,3500
O59: R2 FINAL | P59: =RSQ(Q50:Q55,P50:P55) -> 1
O60: ='Perfil F-v SENTADILLA'!$B$22
H62: RELACIÓN INDIVIDUAL ENTRE VARIABLES DE CUANTIFICACIÓN DE LA CARGA EN SENTADILLA (no editable)
M63: Niveles de esfuerzo percibido
M64: Máximo | N64: Muy alto | P64: Alto | R64: Medio
K65: Escalas | L65: RPE | M65: 19 - 20 | N65: 17 - 18 | O65: 16 - 17 | P65: 15 - 16 | Q65: 14 - 15 | R65: 13 - 14 | S65: 12 - 13
L66: CR-10 | M66: 9.5 - 10 | N66: 8.5 - 9 | O66: 8 - 8.5 | P66: 7.5 - 8 | Q66: 7 - 7.5 | R66: 6.5 - 7 | S66: 6 - 6.5
L67: RIR | M67: 0 | N67: 1 | O67: 2 | P67: 3 | Q67: 4 | R67: 5 | S67: 6
H69: Niveles de intensidad | I69: %1RM | J69: Velocidad fase propulsiva 1ª repetición (m/s) | L69: Sentadilla (VMP) | M69: =K71 -> 0.32 | N69: =K72 -> 0.36324324 | O69: =K73 -> 0.38918919 | P69: =K74 -> 0.46702703 | Q69: =K75 -> 0.49297297 | R69: =K76 -> 0.52756757 | S69: =K77 -> 0.55351351
J70: Clasificación | K70: Sentadilla (VMP) | M70: REPETICIONES REALIZABLES
H71: Muy pesado | I71: 98-100% | J71: Muy lenta | K71: =K42 -> 0.32 | M71: 1
I72: 95-97% | K72: =K71*K94 -> 0.36324324 | M72: 2 | N72: 1
I73: 92-94% | K73: =K71*K95 -> 0.38918919 | M73: 3 | N73: 2 | O73: 1
H74: Pesado | I74: 89-91% | K74: =K71*K96 -> 0.46702703 | M74: 4 | N74: 3 | O74: 2 | P74: 1
I75: 85-88% | K75: =K71*K97 -> 0.49297297 | M75: 5 | N75: 4 | O75: 3 | P75: 2 | Q75: 1
I76: 83-84% | K76: =K71*K98 -> 0.52756757 | M76: 6 | N76: 5 | O76: 4 | P76: 3 | Q76: 2 | R76: 1
I77: 81-82% | J77: Lenta | K77: =K71*K99 -> 0.55351351 | M77: 7 | N77: 6 | O77: 5 | P77: 4 | Q77: 3 | R77: 2 | S77: 1
H78: Medio | I78: 78-80% | K78: =K71*K100 -> 0.57945946 | M78: 8 | N78: 7 | O78: 6 | P78: 5 | Q78: 4 | R78: 3 | S78: 2
I79: 75-77% | K79: =K71*K101 -> 0.60540541 | M79: 9 | N79: 8 | O79: 7 | P79: 6 | Q79: 5 | R79: 4 | S79: 3
I80: 72-74% | K80: =K71*K102 -> 0.64 | M80: 10 | N80: 9 | O80: 8 | P80: 7 | Q80: 6 | R80: 5 | S80: 4
I81: 69-71% | K81: =K71*K103 -> 0.73513514 | M81: 11 | N81: 10 | O81: 9 | P81: 8 | Q81: 7 | R81: 6 | S81: 5
I82: 66-68% | K82: =K71*K104 -> 0.76972973 | M82: 12 | N82: 11 | O82: 10 | P82: 9 | Q82: 8 | R82: 7 | S82: 6
H83: Liviano | I83: 64-65% | K83: =K71*K105 -> 0.80432432 | M83: 13 | N83: 12 | O83: 11 | P83: 10 | Q83: 9 | R83: 8 | S83: 7
I84: 61-63% | K84: =K71*K106 -> 0.83891892 | M84: 14 | N84: 13 | O84: 12 | P84: 11 | Q84: 10 | R84: 9 | S84: 8
A85: ='Perfil F-v SENTADILLA'!$B$22 | E85: ='Perfil F-v SENTADILLA'!$C$22 | I85: 58-60% | J85: Media | K85: =K71*K107 -> 0.86486486 | M85: 15 | N85: 14 | O85: 13 | P85: 12 | Q85: 11 | R85: 10 | S85: 9
I86: 55-57% | K86: =K71*K108 -> 0.92540541 | M86: 16 | N86: 15 | O86: 14 | P86: 13 | Q86: 12 | R86: 11 | S86: 10
I87: 52-54% | K87: =K71*K109 -> 0.95135135 | M87: 17 | N87: 16 | O87: 15 | P87: 14 | Q87: 13 | R87: 12 | S87: 11
I88: 50-51% | K88: =K71*K110 -> 0.98594595 | M88: 18 | N88: 17 | O88: 16 | P88: 15 | Q88: 14 | R88: 13 | S88: 12
K94: 1.1351351
K95: 1.2162162
K96: 1.4594595
K97: 1.5405405
K98: 1.6486486
K99: 1.7297297
K100: 1.8108108
K101: 1.8918919
K102: 2
K103: 2.2972973
K104: 2.4054054
K105: 2.5135135
... K110: 3.0810811

Sheet Perfil F-v PESO MUERTO
A1: App MyLift® for iOS edición EXCEL. PESO MUERTO
A3: 1 RM DIARIO Y CARGA DE TRABAJO | H3: EVOLUCIÓN 1RM
N4: Editado y desarrollado por:
B5: CELDAS EN COLOR AZUL EDITABLES | H5: CELDAS EN COLOR AZUL EDITABLES
B6: ANALISIS LEVANTAMIENTO | H6: ="EVOLUCIÓN 1RM"&"-"&'Perfil F-v PESO MUERTO'!K41 -> EVOLUCIÓN 1RM-PESO MUERTO | N6: Dr. Carlos Balsalobre Fernández
B7: ='Perfil F-v PESO MUERTO'!K41 -> PESO MUERTO | H7: FECHA | I7: Levantamiento (kg) | J7: Velocidad (m/s) | K7: %1RM | L7: 1RM (kg) | N7: David Marchante Domingo
B8: PESO (Kg) | C8: VELOCIDAD (m/s) | H8: 43924 | I8: 80 | J8: 0.6 | K8: =IF((J8=""),(""),((('Perfil F-v PESO MUERTO'!$P$56-J8)/-'Perfil F-v PESO MUERTO'!$P$57))) -> 83.191489 | L8: =IF((J8=""),(NA()),((I8*100)/K8)) -> 96.163683 | N8: Carlos Bustillo García
B9: 80 | C9: 0.6 | H9: 43925 | I9: 80 | J9: 0.69 | K9: =IF((J9=""),(""),((('Perfil F-v PESO MUERTO'!$P$56-J9)/-'Perfil F-v PESO MUERTO'!$P$57))) -> 76.808511 | L9: =IF((J9=""),(NA()),((I9*100)/K9)) -> 104.15512 | N9: Pedro Juan Spain
B10: % 1RM | C10: =(FIXED((('Perfil F-v PESO MUERTO'!P56-C9)/-'Perfil F-v PESO MUERTO'!P57),2)) -> 83,19 | K10: =IF((J10=""),(""),((('Perfil F-v PESO MUERTO'!$P$56-J10)/-'Perfil F-v PESO MUERTO'!$P$57))) | L10: =IF((J10=""),(NA()),((I10*100)/K10)) -> #N/A | N10: Mario Muñoz López
B11: R2 | C11: ='Perfil F-v PESO MUERTO'!P59 -> 0.99756826 | K11: =IF((J11=""),(""),((('Perfil F-v PESO MUERTO'!$P$56-J11)/-'Perfil F-v PESO MUERTO'!$P$57))) | L11: =IF((J11=""),(NA()),((I11*100)/K11)) -> #N/A
B12: 1RM | C12: =(((B9*100)/C10)) -> 96.165404 | K12: =IF((J12=""),(""),((('Perfil F-v PESO MUERTO'!$P$56-J12)/-'Perfil F-v PESO MUERTO'!$P$57))) | L12: =IF((J12=""),(NA()),((I12*100)/K12)) -> #N/A
K13: =IF((J13=""),(""),((('Perfil F-v PESO MUERTO'!$P$56-J13)/-'Perfil F-v PESO MUERTO'!$P$57))) | L13: =IF((J13=""),(NA()),((I13*100)/K13)) -> #N/A
B14: CÁLCULO PESO DE TRABAJO | K14: =IF((J14=""),(""),((('Perfil F-v PESO MUERTO'!$P$56-J14)/-'Perfil F-v PESO MUERTO'!$P$57))) | L14: =IF((J14=""),(NA()),((I14*100)/K14)) -> #N/A
B15: % 1RM de trabajo | C15: Peso a utilizar | K15: =IF((J15=""),(""),((('Perfil F-v PESO MUERTO'!$P$56-J15)/-'Perfil F-v PESO MUERTO'!$P$57))) | L15: =IF((J15=""),(NA()),((I15*100)/K15)) -> #N/A
B16: 65 | C16: =(C12*B16)/100 -> 62.507513 | K16: =IF((J16=""),(""),((('Perfil F-v PESO MUERTO'!$P$56-J16)/-'Perfil F-v PESO MUERTO'!$P$57))) | L16: =IF((J16=""),(NA()),((I16*100)/K16)) -> #N/A
K17: =IF((J17=""),(""),((('Perfil F-v PESO MUERTO'!$P$56-J17)/-'Perfil F-v PESO MUERTO'!$P$57))) | L17: =IF((J17=""),(NA()),((I17*100)/K17)) -> #N/A
B18: PESO BARRA | C18: PESO MINIMO DISCO | K18: =IF((J18=""),(""),((('Perfil F-v PESO MUERTO'!$P$56-J18)/-'Perfil F-v PESO MUERTO'!$P$57))) | L18: =IF((J18=""),(NA()),((I18*100)/K18)) -> #N/A
B19: 20 | C19: 1.25 | K19: =IF((J19=""),(""),((('Perfil F-v PESO MUERTO'!$P$56-J19)/-'Perfil F-v PESO MUERTO'!$P$57))) | L19: =IF((J19=""),(NA()),((I19*100)/K19)) -> #N/A
B20: PESO POR EXTREMO BARRA | K20: =IF((J20=""),(""),((('Perfil F-v PESO MUERTO'!$P$56-J20)/-'Perfil F-v PESO MUERTO'!$P$57))) | L20: =IF((J20=""),(NA()),((I20*100)/K20)) -> #N/A | Q20: App Mylift for iOS
B21: =(CEILING(((C16-B19)/2),C19)) -> 22.5 | K21: =IF((J21=""),(""),((('Perfil F-v PESO MUERTO'!$P$56-J21)/-'Perfil F-v PESO MUERTO'!$P$57))) | L21: =IF((J21=""),(NA()),((I21*100)/K21)) -> #N/A
B22: ='Perfil F-v PRESS BANCA'!B21 | C22: ='Perfil F-v PRESS BANCA'!C21 | K22: =IF((J22=""),(""),((('Perfil F-v PESO MUERTO'!$P$56-J22)/-'Perfil F-v PESO MUERTO'!$P$57))) | L22: =IF((J22=""),(NA()),((I22*100)/K22)) -> #N/A
K23: =IF((J23=""),(""),((('Perfil F-v PESO MUERTO'!$P$56-J23)/-'Perfil F-v PESO MUERTO'!$P$57))) | L23: =IF((J23=""),(NA()),((I23*100)/K23)) -> #N/A
K24: =IF((J24=""),(""),((('Perfil F-v PESO MUERTO'!$P$56-J24)/-'Perfil F-v PESO MUERTO'!$P$57))) | L24: =IF((J24=""),(NA()),((I24*100)/K24)) -> #N/A
K25: =IF((J25=""),(""),((('Perfil F-v PESO MUERTO'!$P$56-J25)/-'Perfil F-v PESO MUERTO'!$P$57))) | L25: =IF((J25=""),(NA()),((I25*100)/K25)) -> #N/A
K26: =IF((J26=""),(""),((('Perfil F-v PESO MUERTO'!$P$56-J26)/-'Perfil F-v PESO MUERTO'!$P$57))) | L26: =IF((J26=""),(NA()),((I26*100)/K26)) -> #N/A
K27: =IF((J27=""),(""),((('Perfil F-v PESO MUERTO'!$P$56-J27)/-'Perfil F-v PESO MUERTO'!$P$57))) | L27: =IF((J27=""),(NA()),((I27*100)/K27)) -> #N/A
K28: =IF((J28=""),(""),((('Perfil F-v PESO MUERTO'!$P$56-J28)/-'Perfil F-v PESO MUERTO'!$P$57))) | L28: =IF((J28=""),(NA()),((I28*100)/K28)) -> #N/A
K29: =IF((J29=""),(""),((('Perfil F-v PESO MUERTO'!$P$56-J29)/-'Perfil F-v PESO MUERTO'!$P$57))) | L29: =IF((J29=""),(NA()),((I29*100)/K29)) -> #N/A
K30: =IF((J30=""),(""),((('Perfil F-v PESO MUERTO'!$P$56-J30)/-'Perfil F-v PESO MUERTO'!$P$57))) | L30: =IF((J30=""),(NA()),((I30*100)/K30)) -> #N/A
K31: =IF((J31=""),(""),((('Perfil F-v PESO MUERTO'!$P$56-J31)/-'Perfil F-v PESO MUERTO'!$P$57))) | L31: =IF((J31=""),(NA()),((I31*100)/K31)) -> #N/A
K32: =IF((J32=""),(""),((('Perfil F-v PESO MUERTO'!$P$56-J32)/-'Perfil F-v PESO MUERTO'!$P$57))) | L32: =IF((J32=""),(NA()),((I32*100)/K32)) -> #N/A
K33: =IF((J33=""),(""),((('Perfil F-v PESO MUERTO'!$P$56-J33)/-'Perfil F-v PESO MUERTO'!$P$57))) | L33: =IF((J33=""),(NA()),((I33*100)/K33)) -> #N/A
A37: GRÁFICAS | H37: PERFIL | N37: DATOS (no editable)
A38: ='Perfil F-v PESO MUERTO'!K41 -> PESO MUERTO
I39: CELDAS EN COLOR AZUL EDITABLES
I40: ="PERFIL"&" "& K41 -> PERFIL PESO MUERTO | O40: ='Perfil F-v PESO MUERTO'!K41 -> PESO MUERTO
J41: EJERCICIO | K41: PESO MUERTO | O41: CONSTANTE TEST PERFIL | Q41: =FIXED(INTERCEPT('Perfil F-v PESO MUERTO'!K45:K49,'Perfil F-v PESO MUERTO'!J45:J49),4) -> 1,7730
I42: % 1RM conservador | J42: VELOCIDAD UMBRAL | K42: 0.36 | O42: PENDIENTE TEST PERFIL | Q42: =FIXED(SLOPE('Perfil F-v PESO MUERTO'!K45:K49,'Perfil F-v PESO MUERTO'!J45:J49),4) -> -0,0146
I43: aconsejado para | J43: TEST | O43: ECUACIÓN TEST PERFIL | Q43: =CONCATENATE("Y=",Q42,"x + ",Q41) -> Y=-0,0146x + 1,7730
I44: realizar el test | J44: PESO | K44: VELOCIDAD | O44: Se sustituye Y por V. Umbral: | Q44: =CONCATENATE("X=((",Q41,"-",'Perfil F-v PESO MUERTO'!$K$42,")/",-Q42,")") -> X=((1,7730-0,36)/0,0146)
I45: 0.75 | J45: 75 | K45: 0.68 | O45: 1 RM (se despeja la x) | Q45: =-(Q41-'Perfil F-v PESO MUERTO'!K42)/Q42 -> 96.780822
I46: 0.8 | J46: 80 | K46: 0.6 | O46: R2 TEST PERFIL | Q46: =RSQ('Perfil F-v PESO MUERTO'!K45:K49,'Perfil F-v PESO MUERTO'!J45:J49) -> 0.99644727
I47: 0.85 | J47: 85 | K47: 0.53
I48: 0.9 | J48: 90 | K48: 0.47 | O48: RELACION VELOCIDAD - %1RM
I49: 0.95 | J49: 95 | K49: 0.38 | O49: PESO (kg) | P49: %1RM (X) | Q49: VELOCIDAD (Y)
I50: Descanso: 3' | J50: R2 | K50: ='Perfil F-v PESO MUERTO'!Q46 -> 0.99644727 | O50: ='Perfil F-v PESO MUERTO'!J45 -> 75 | P50: =(100*O50)/'Perfil F-v PESO MUERTO'!$Q$45 -> 77.494692 | Q50: ='Perfil F-v PESO MUERTO'!K45 -> 0.68
O51: ='Perfil F-v PESO MUERTO'!J46 -> 80 | P51: =(100*O51)/'Perfil F-v PESO MUERTO'!$Q$45 -> 82.661005 | Q51: ='Perfil F-v PESO MUERTO'!K46 -> 0.6
I52: Levantar con velocidad intencional máxima y técnica idéntica | O52: ='Perfil F-v PESO MUERTO'!J47 -> 85 | P52: =(100*O52)/'Perfil F-v PESO MUERTO'!$Q$45 -> 87.827318 | Q52: ='Perfil F-v PESO MUERTO'!K47 -> 0.53
I53: R2 superiores 0,99 ofrecen mediciones de 1RM muy precisas | O53: ='Perfil F-v PESO MUERTO'!J48 -> 90 | P53: =(100*O53)/'Perfil F-v PESO MUERTO'!$Q$45 -> 92.993631 | Q53: ='Perfil F-v PESO MUERTO'!K48 -> 0.47
I54: R2 entre 0,99-0,98 pueden sesgar el 1RM hasta un 5% | O54: ='Perfil F-v PESO MUERTO'!J49 -> 95 | P54: =(100*O54)/'Perfil F-v PESO MUERTO'!$Q$45 -> 98.159943 | Q54: ='Perfil F-v PESO MUERTO'!K49 -> 0.38
I55: R2 inferior a 0,98 aconsejan repetir el test | O55: ='Perfil F-v PESO MUERTO'!Q45 -> 96.780822 | P55: =(100*O55)/'Perfil F-v PESO MUERTO'!$Q$45 -> 100 | Q55: ='Perfil F-v PESO MUERTO'!K42 -> 0.36
I56: ='Perfil F-v PESO MUERTO'!$B$22 | K56: ='Perfil F-v PESO MUERTO'!$C$22 | O56: CONSTANTE FINAL | P56: =FIXED(INTERCEPT(Q50:Q55,P50:P55),4) -> 1,7730
O57: PENDIENTE FINAL | P57: =FIXED(SLOPE(Q50:Q55,P50:P55),4) -> -0,0141
O58: ECUACIÓN FINAL | P58: =CONCATENATE("Y=",P57,"x + ",P56) -> Y=-0,0141x + 1,7730
O59: R2 FINAL | P59: =RSQ(Q50:Q55,P50:P55) -> 0.99756826
O60: ='Perfil F-v PESO MUERTO'!$B$22
H62: RELACIÓN INDIVIDUAL ENTRE VARIABLES DE CUANTIFICACIÓN DE LA CARGA EN PESO MUERTO (no editable)
M63: Niveles de esfuerzo percibido
M64: Máximo | N64: Muy alto | P64: Alto | R64: Medio
K65: Escalas | L65: RPE | M65: 19 - 20 | N65: 17 - 18 | O65: 16 - 17 | P65: 15 - 16 | Q65: 14 - 15 | R65: 13 - 14 | S65: 12 - 13
L66: CR-10 | M66: 9.5 - 10 | N66: 8.5 - 9 | O66: 8 - 8.5 | P66: 7.5 - 8 | Q66: 7 - 7.5 | R66: 6.5 - 7 | S66: 6 - 6.5
L67: RIR | M67: 0 | N67: 1 | O67: 2 | P67: 3 | Q67: 4 | R67: 5 | S67: 6
H69: Niveles de intensidad | I69: %1RM | J69: Velocidad fase propulsiva 1ª repetición (m/s) | L69: Peso muerto (VMP) | M69: =K71 -> 0.36 | N69: =K72 -> 0.39 | O69: =K73 -> 0.46 | P69: =K74 -> 0.52 | Q69: =K75 -> 0.55 | R69: =K76 -> 0.59 | S69: =K77 -> 0.63
J70: Clasificación | K70: Peso muerto (VMP) | M70: REPETICIONES REALIZABLES
H71: Muy pesado | I71: 98-100% | J71: Muy lenta | K71: =K42 -> 0.36 | M71: 1
I72: 95-97% | K72: =K71*K94 -> 0.39 | M72: 2 | N72: 1
I73: 92-94% | K73: =K71*K95 -> 0.46 | M73: 3 | N73: 2 | O73: 1
H74: Pesado | I74: 89-91% | K74: =K71*K96 -> 0.52 | M74: 4 | N74: 3 | O74: 2 | P74: 1
I75: 85-88% | K75: =K71*K97 -> 0.55 | M75: 5 | N75: 4 | O75: 3 | P75: 2 | Q75: 1
I76: 83-84% | K76: =K71*K98 -> 0.59 | M76: 6 | N76: 5 | O76: 4 | P76: 3 | Q76: 2 | R76: 1
I77: 81-82% | J77: Lenta | K77: =K71*K99 -> 0.63 | M77: 7 | N77: 6 | O77: 5 | P77: 4 | Q77: 3 | R77: 2 | S77: 1
H78: Medio | I78: 78-80% | K78: =K71*K100 -> 0.67 | M78: 8 | N78: 7 | O78: 6 | P78: 5 | Q78: 4 | R78: 3 | S78: 2
I79: 75-77% | K79: =K71*K101 -> 0.76 | M79: 9 | N79: 8 | O79: 7 | P79: 6 | Q79: 5 | R79: 4 | S79: 3
I80: 72-74% | K80: =K71*K102 -> 0.85 | M80: 10 | N80: 9 | O80: 8 | P80: 7 | Q80: 6 | R80: 5 | S80: 4
I81: 69-71% | K81: =K71*K103 -> 0.95 | M81: 11 | N81: 10 | O81: 9 | P81: 8 | Q81: 7 | R81: 6 | S81: 5
I82: 66-68% | K82: =K71*K104 -> 0.97 | M82: 12 | N82: 11 | O82: 10 | P82: 9 | Q82: 8 | R82: 7 | S82: 6
H83: Liviano | I83: 64-65% | K83: =K71*K105 -> 0.99 | M83: 13 | N83: 12 | O83: 11 | P83: 10 | Q83: 9 | R83: 8 | S83: 7
I84: 61-63% | K84: =K71*K106 -> 1.01 | M84: 14 | N84: 13 | O84: 12 | P84: 11 | Q84: 10 | R84: 9 | S84: 8
A85: ='Perfil F-v PESO MUERTO'!$B$22 | E85: ='Perfil F-v PESO MUERTO'!$C$22 | I85: 58-60% | J85: Media | K85: =K71*K107 -> 1.03 | M85: 15 | N85: 14 | O85: 13 | P85: 12 | Q85: 11 | R85: 10 | S85: 9
I86: 55-57% | K86: =K71*K108 -> 1.1 | M86: 16 | N86: 15 | O86: 14 | P86: 13 | Q86: 12 | R86: 11 | S86: 10
I87: 52-54% | K87: =K71*K109 -> 1.17 | M87: 17 | N87: 16 | O87: 15 | P87: 14 | Q87: 13 | R87: 12 | S87: 11
I88: 50-51% | K88: =K71*K110 -> 1.24 | M88: 18 | N88: 17 | O88: 16 | P88: 15 | Q88: 14 | R88: 13 | S88: 12
K94: 1.0833333
K95: 1.2777778
K96: 1.4444444
K97: 1.5277778
K98: 1.6388889
K99: 1.75
K100: 1.8611111
K101: 2.1111111
K102: 2.3611111
K103: 2.6388889
K104: 2.6944444
K105: 2.75
... K110: 3.4444444

Sheet Perfil F-v DOMINADAS
A1: ELABORA TU PERFIL DE FUERZA / VELOCIDAD (PRESS DE BANCA)
A3: 1 RM DIARIO Y CARGA DE TRABAJO | I3: EVOLUCIÓN 1RM
B5: CELDAS EN COLOR ROJO EDITABLES | I5: CELDAS EN COLOR ROJO
B6: ANALISIS LEVANTAMIENTO | I6: ="EVOLUCIÓN 1RM"&"-"&'Perfil F-v DOMINADAS'!M42 -> EVOLUCIÓN 1RM-PRESS DE BANCA
B7: ='Perfil F-v DOMINADAS'!M42 -> PRESS DE BANCA | I7: FECHA | J7: Peso corporal (kg) | K7: RPE Sesión | L7: Levantamiento total (kg) | M7: Velocidad (m/s) | N7: %1RM | O7: 1RM (kg)
B8: PESO (kg) | D8: VELOCIDAD (m/s) | I8: 43923 | J8: 85 | K8: 9 | L8: 100 | M8: 0.32 | N8: =IF((M8=""),(""),((('Perfil F-v DOMINADAS'!$S$56-M8)/-'Perfil F-v DOMINADAS'!$S$57))) -> 82.051282 | O8: =IF((M8=""),(NA()),((L8*100)/N8)) -> 121.875
B9: 120 | D9: 0.2 | I9: 43924 | J9: 84.3 | K9: 8 | L9: 100 | M9: 0.36 | N9: =IF((M9=""),(""),((('Perfil F-v DOMINADAS'!$S$56-M9)/-'Perfil F-v DOMINADAS'!$S$57))) -> 76.923077 | O9: =IF((M9=""),(NA()),((L9*100)/N9)) -> 130
B10: % 1RM | D10: =(FIXED((('Perfil F-v DOMINADAS'!S56-D9)/-'Perfil F-v DOMINADAS'!S57),2)) -> 97,44 | L10: =IF(AND(J10<>"",K10<>""),J10+K10,"") | N10: =IF((M10=""),(""),((('Perfil F-v DOMINADAS'!$S$56-M10)/-'Perfil F-v DOMINADAS'!$S$57))) | O10: =IF((M10=""),(NA()),((L10*100)/N10)) -> #N/A
B11: R2 | D11: ='Perfil F-v DOMINADAS'!S59 -> 1 | L11: =IF(AND(J11<>"",K11<>""),J11+K11,"") | N11: =IF((M11=""),(""),((('Perfil F-v DOMINADAS'!$S$56-M11)/-'Perfil F-v DOMINADAS'!$S$57))) | O11: =IF((M11=""),(NA()),((L11*100)/N11)) -> #N/A
B12: 1RM | D12: =((((B9)*100)/D10)) -> 123.15271 | L12: =IF(AND(J12<>"",K12<>""),J12+K12,"") | N12: =IF((M12=""),(""),((('Perfil F-v DOMINADAS'!$S$56-M12)/-'Perfil F-v DOMINADAS'!$S$57))) | O12: =IF((M12=""),(NA()),((L12*100)/N12)) -> #N/A
L13: =IF(AND(J13<>"",K13<>""),J13+K13,"") | N13: =IF((M13=""),(""),((('Perfil F-v DOMINADAS'!$S$56-M13)/-'Perfil F-v DOMINADAS'!$S$57))) | O13: =IF((M13=""),(NA()),((L13*100)/N13)) -> #N/A
B14: CÁLCULO PESO DE TRABAJO | L14: =IF(AND(J14<>"",K14<>""),J14+K14,"") | N14: =IF((M14=""),(""),((('Perfil F-v DOMINADAS'!$S$56-M14)/-'Perfil F-v DOMINADAS'!$S$57))) | O14: =IF((M14=""),(NA()),((L14*100)/N14)) -> #N/A
B15: % 1RM de trabajo | D15: Peso a utilizar | L15: =IF(AND(J15<>"",K15<>""),J15+K15,"") | N15: =IF((M15=""),(""),((('Perfil F-v DOMINADAS'!$S$56-M15)/-'Perfil F-v DOMINADAS'!$S$57))) | O15: =IF((M15=""),(NA()),((L15*100)/N15)) -> #N/A
B16: 70 | D16: =(D12*B16)/100 -> 86.206897 | L16: =IF(AND(J16<>"",K16<>""),J16+K16,"") | N16: =IF((M16=""),(""),((('Perfil F-v DOMINADAS'!$S$56-M16)/-'Perfil F-v DOMINADAS'!$S$57))) | O16: =IF((M16=""),(NA()),((L16*100)/N16)) -> #N/A
L17: =IF(AND(J17<>"",K17<>""),J17+K17,"") | N17: =IF((M17=""),(""),((('Perfil F-v DOMINADAS'!$S$56-M17)/-'Perfil F-v DOMINADAS'!$S$57))) | O17: =IF((M17=""),(NA()),((L17*100)/N17)) -> #N/A
B18: PESO BARRA | D18: PESO MINIMO DISCO | L18: =IF(AND(J18<>"",K18<>""),J18+K18,"") | N18: =IF((M18=""),(""),((('Perfil F-v DOMINADAS'!$S$56-M18)/-'Perfil F-v DOMINADAS'!$S$57))) | O18: =IF((M18=""),(NA()),((L18*100)/N18)) -> #N/A
B19: 20 | D19: 1.25 | L19: =IF(AND(J19<>"",K19<>""),J19+K19,"") | N19: =IF((M19=""),(""),((('Perfil F-v DOMINADAS'!$S$56-M19)/-'Perfil F-v DOMINADAS'!$S$57))) | O19: =IF((M19=""),(NA()),((L19*100)/N19)) -> #N/A
L20: =IF(AND(J20<>"",K20<>""),J20+K20,"") | N20: =IF((M20=""),(""),((('Perfil F-v DOMINADAS'!$S$56-M20)/-'Perfil F-v DOMINADAS'!$S$57))) | O20: =IF((M20=""),(NA()),((L20*100)/N20)) -> #N/A
L21: =IF(AND(J21<>"",K21<>""),J21+K21,"") | N21: =IF((M21=""),(""),((('Perfil F-v DOMINADAS'!$S$56-M21)/-'Perfil F-v DOMINADAS'!$S$57))) | O21: =IF((M21=""),(NA()),((L21*100)/N21)) -> #N/A
B22: ='Perfil F-v PRESS BANCA'!B21 | D22: ='Perfil F-v PRESS BANCA'!C21 | L22: =IF(AND(J22<>"",K22<>""),J22+K22,"") | N22: =IF((M22=""),(""),((('Perfil F-v DOMINADAS'!$S$56-M22)/-'Perfil F-v DOMINADAS'!$S$57))) | O22: =IF((M22=""),(NA()),((L22*100)/N22)) -> #N/A
L23: =IF(AND(J23<>"",K23<>""),J23+K23,"") | N23: =IF((M23=""),(""),((('Perfil F-v DOMINADAS'!$S$56-M23)/-'Perfil F-v DOMINADAS'!$S$57))) | O23: =IF((M23=""),(NA()),((L23*100)/N23)) -> #N/A
L24: =IF(AND(J24<>"",K24<>""),J24+K24,"") | N24: =IF((M24=""),(""),((('Perfil F-v DOMINADAS'!$S$56-M24)/-'Perfil F-v DOMINADAS'!$S$57))) | O24: =IF((M24=""),(NA()),((L24*100)/N24)) -> #N/A
L25: =IF(AND(J25<>"",K25<>""),J25+K25,"") | N25: =IF((M25=""),(""),((('Perfil F-v DOMINADAS'!$S$56-M25)/-'Perfil F-v DOMINADAS'!$S$57))) | O25: =IF((M25=""),(NA()),((L25*100)/N25)) -> #N/A
L26: =IF(AND(J26<>"",K26<>""),J26+K26,"") | N26: =IF((M26=""),(""),((('Perfil F-v DOMINADAS'!$S$56-M26)/-'Perfil F-v DOMINADAS'!$S$57))) | O26: =IF((M26=""),(NA()),((L26*100)/N26)) -> #N/A
L27: =IF(AND(J27<>"",K27<>""),J27+K27,"") | N27: =IF((M27=""),(""),((('Perfil F-v DOMINADAS'!$S$56-M27)/-'Perfil F-v DOMINADAS'!$S$57))) | O27: =IF((M27=""),(NA()),((L27*100)/N27)) -> #N/A
L28: =IF(AND(J28<>"",K28<>""),J28+K28,"") | N28: =IF((M28=""),(""),((('Perfil F-v DOMINADAS'!$S$56-M28)/-'Perfil F-v DOMINADAS'!$S$57))) | O28: =IF((M28=""),(NA()),((L28*100)/N28)) -> #N/A
L29: =IF(AND(J29<>"",K29<>""),J29+K29,"") | N29: =IF((M29=""),(""),((('Perfil F-v DOMINADAS'!$S$56-M29)/-'Perfil F-v DOMINADAS'!$S$57))) | O29: =IF((M29=""),(NA()),((L29*100)/N29)) -> #N/A
L30: =IF(AND(J30<>"",K30<>""),J30+K30,"") | N30: =IF((M30=""),(""),((('Perfil F-v DOMINADAS'!$S$56-M30)/-'Perfil F-v DOMINADAS'!$S$57))) | O30: =IF((M30=""),(NA()),((L30*100)/N30)) -> #N/A
L31: =IF(AND(J31<>"",K31<>""),J31+K31,"") | N31: =IF((M31=""),(""),((('Perfil F-v DOMINADAS'!$S$56-M31)/-'Perfil F-v DOMINADAS'!$S$57))) | O31: =IF((M31=""),(NA()),((L31*100)/N31)) -> #N/A
L32: =IF(AND(J32<>"",K32<>""),J32+K32,"") | N32: =IF((M32=""),(""),((('Perfil F-v DOMINADAS'!$S$56-M32)/-'Perfil F-v DOMINADAS'!$S$57))) | O32: =IF((M32=""),(NA()),((L32*100)/N32)) -> #N/A
L33: =IF(AND(J33<>"",K33<>""),J33+K33,"") | N33: =IF((M33=""),(""),((('Perfil F-v DOMINADAS'!$S$56-M33)/-'Perfil F-v DOMINADAS'!$S$57))) | O33: =IF((M33=""),(NA()),((L33*100)/N33)) -> #N/A
A37: GRÁFICAS | I37: PERFIL | Q37: DATOS (no editable)
A38: ='Perfil F-v DOMINADAS'!M42 -> PRESS DE BANCA
K40: CELDAS EN COLOR ROJO EDITABLES | R40: ='Perfil F-v DOMINADAS'!M42 -> PRESS DE BANCA
K41: ="PERFIL"&" "& M42 -> PERFIL PRESS DE BANCA | R41: CONSTANTE TEST PERFIL | T41: =FIXED(INTERCEPT('Perfil F-v DOMINADAS'!M46:M50,'Perfil F-v DOMINADAS'!L46:L50),4) -> 0,9600
L42: EJERCICIO | M42: PRESS DE BANCA | R42: PENDIENTE TEST PERFIL | T42: =FIXED(SLOPE('Perfil F-v DOMINADAS'!M46:M50,'Perfil F-v DOMINADAS'!L46:L50),4) -> -0,0060
K43: % 1RM conservador | L43: VELOCIDAD UMBRAL | M43: 0.18 | R43: ECUACIÓN TEST PERFIL | T43: =CONCATENATE("Y=",T42,"x + ",T41) -> Y=-0,0060x + 0,9600
K44: aconsejado para | L44: TEST | R44: Se sustituye Y por V. Umbral: | T44: =CONCATENATE("X=((",T41,"-",'Perfil F-v DOMINADAS'!$M$43,")/",-T42,")") -> X=((0,9600-0,18)/0,006)
K45: realizar el test | L45: Peso (kg) | M45: VELOCIDAD | R45: 1 RM (se despeja la x) | T45: =-(T41-'Perfil F-v DOMINADAS'!M43)/T42 -> 130
K46: 0.75 | L46: 60 | M46: 0.6 | R46: R2 TEST PERFIL | T46: =RSQ('Perfil F-v DOMINADAS'!M46:M50,'Perfil F-v DOMINADAS'!L46:L50) -> 1
K47: 0.8 | L47: 70 | M47: 0.54
K48: 0.85 | L48: 80 | M48: 0.48 | R48: RELACION VELOCIDAD - %1RM
K49: 0.9 | L49: 90 | M49: 0.42 | R49: PESO (kg) | S49: %1RM (X) | T49: VELOCIDAD (Y)
K50: 0.95 | L50: 100 | M50: 0.36 | R50: ='Perfil F-v DOMINADAS'!L46 -> 60 | S50: =(100*R50)/'Perfil F-v DOMINADAS'!$T$45 -> 46.153846 | T50: ='Perfil F-v DOMINADAS'!M46 -> 0.6
K51: Descanso: 3' | L51: R2 | M51: ='Perfil F-v DOMINADAS'!T46 -> 1 | R51: ='Perfil F-v DOMINADAS'!L47 -> 70 | S51: =(100*R51)/'Perfil F-v DOMINADAS'!$T$45 -> 53.846154 | T51: ='Perfil F-v DOMINADAS'!M47 -> 0.54
R52: ='Perfil F-v DOMINADAS'!L48 -> 80 | S52: =(100*R52)/'Perfil F-v DOMINADAS'!$T$45 -> 61.538462 | T52: ='Perfil F-v DOMINADAS'!M48 -> 0.48
K53: Levantar con velocidad intencional máxima y técnica idéntica | R53: ='Perfil F-v DOMINADAS'!L49 -> 90 | S53: =(100*R53)/'Perfil F-v DOMINADAS'!$T$45 -> 69.230769 | T53: ='Perfil F-v DOMINADAS'!M49 -> 0.42
K54: R2 superiores 0,99 ofrecen mediciones de 1RM muy precisas | R54: ='Perfil F-v DOMINADAS'!L50 -> 100 | S54: =(100*R54)/'Perfil F-v DOMINADAS'!$T$45 -> 76.923077 | T54: ='Perfil F-v DOMINADAS'!M50 -> 0.36
K55: R2 entre 0,99-0,98 pueden sesgar el 1RM hasta un 5% | R55: ='Perfil F-v DOMINADAS'!T45 -> 130 | S55: =(100*R55)/'Perfil F-v DOMINADAS'!$T$45 -> 100 | T55: ='Perfil F-v DOMINADAS'!M43 -> 0.18
K56: R2 inferior a 0,98 aconsejan repetir el test | N56: ='Perfil F-v DOMINADAS'!$D$22 | R56: CONSTANTE FINAL | S56: =FIXED(INTERCEPT(T50:T55,S50:S55),4) -> 0,9600
R57: PENDIENTE FINAL | S57: =FIXED(SLOPE(T50:T55,S50:S55),4) -> -0,0078
R58: ECUACIÓN FINAL | S58: =CONCATENATE("Y=",S57,"x + ",S56) -> Y=-0,0078x + 0,9600
R59: R2 FINAL | S59: =RSQ(T50:T55,S50:S55) -> 1
R60: ='Perfil F-v DOMINADAS'!$B$22
I62: RELACIÓN INDIVIDUAL ENTRE VARIABLES DE CUANTIFICACIÓN DE LA CARGA EN DOMINADAS (no editable)
N63: Niveles de esfuerzo percibido
N64: Máximo | O64: Muy alto | Q64: Alto | S64: Medio
L65: Escalas | M65: RPE | N65: 19 - 20 | O65: 17 - 18 | P65: 16 - 17 | Q65: 15 - 16 | R65: 14 - 15 | S65: 13 - 14 | T65: 12 - 13
M66: CR-10 | N66: 9.5 - 10 | O66: 8.5 - 9 | P66: 8 - 8.5 | Q66: 7.5 - 8 | R66: 7 - 7.5 | S66: 6.5 - 7 | T66: 6 - 6.5
M67: RIR | N67: 0 | O67: 1 | P67: 2 | Q67: 3 | R67: 4 | S67: 5 | T67: 6
I69: Niveles de intensidad | J69: %1RM | K69: Velocidad fase propulsiva 1ª repetición (m/s) | M69: Press banca (VMP) | N69: 0.19 | O69: 0.24 | P69: 0.3 | Q69: 0.36 | R69: 0.4 | S69: 0.46 | T69: 0.5
K70: Clasificación | L70: Press banca (VMP) | N70: REPETICIONES REALIZABLES
I71: Muy pesado | J71: 98-100% | K71: Muy lenta | L71: 0.19 | N71: 1
J72: 95-97% | L72: 0.24 | N72: 2 | O72: 1
J73: 92-94% | L73: 0.3 | N73: 3 | O73: 2 | P73: 1
I74: Pesado | J74: 89-91% | L74: 0.36 | N74: 4 | O74: 3 | P74: 2 | Q74: 1
J75: 85-88% | L75: 0.4 | N75: 5 | O75: 4 | P75: 3 | Q75: 2 | R75: 1
J76: 83-84% | L76: 0.46 | N76: 6 | O76: 5 | P76: 4 | Q76: 3 | R76: 2 | S76: 1
J77: 81-82% | K77: Lenta | L77: 0.5 | N77: 7 | O77: 6 | P77: 5 | Q77: 4 | R77: 3 | S77: 2 | T77: 1
I78: Medio | J78: 78-80% | L78: 0.55 | N78: 8 | O78: 7 | P78: 6 | Q78: 5 | R78: 4 | S78: 3 | T78: 2
J79: 75-77% | L79: 0.61 | N79: 9 | O79: 8 | P79: 7 | Q79: 6 | R79: 5 | S79: 4 | T79: 3
J80: 72-74% | L80: 0.67 | N80: 10 | O80: 9 | P80: 8 | Q80: 7 | R80: 6 | S80: 5 | T80: 4
J81: 69-71% | L81: 0.71 | N81: 11 | O81: 10 | P81: 9 | Q81: 8 | R81: 7 | S81: 6 | T81: 5
J82: 66-68% | L82: 0.78 | N82: 12 | O82: 11 | P82: 10 | Q82: 9 | R82: 8 | S82: 7 | T82: 6
I83: Liviano | J83: 64-65% | L83: 0.83 | N83: 13 | O83: 12 | P83: 11 | Q83: 10 | R83: 9 | S83: 8 | T83: 7
J84: 61-63% | L84: 0.88 | N84: 14 | O84: 13 | P84: 12 | Q84: 11 | R84: 10 | S84: 9 | T84: 8
A85: ='Perfil F-v DOMINADAS'!$B$22 | F85: ='Perfil F-v DOMINADAS'!$D$22 | J85: 58-60% | K85: Media | L85: 0.94 | N85: 15 | O85: 14 | P85: 13 | Q85: 12 | R85: 11 | S85: 10 | T85: 9
J86: 55-57% | L86: 1 | N86: 16 | O86: 15 | P86: 14 | Q86: 13 | R86: 12 | S86: 11 | T86: 10
J87: 52-54% | L87: 1.06 | N87: 17 | O87: 16 | P87: 15 | Q87: 14 | R87: 13 | S87: 12 | T87: 11
J88: 50-51% | L88: 1.1 | N88: 18 | O88: 17 | P88: 16 | Q88: 15 | R88: 14 | S88: 13 | T88: 12
N94: 1.1444867
N95: 1.3193916
N96: 1.5095057
N97: 1.6387833
N98: 1.8098859
N99: 1.9581749
N100: 2.1444867
N101: 2.2775665
N102: 2.4524715
N103: 2.5969582
N104: 2.7452471
N105: 2.9125475
... N110: 3.7186312
