Workbook

Sheet Copia de Introducción
A17: Bienvenido/a a RV Strength
B19: ALEX
B20: AGUIRRE
A22: RM
A23: SQUAT | C23: BENCH PRESS | E23: DEADLIFT
A24: 180 | C24: 115 | E24: 240
A26: ="TOTAL: "&SUM(A24:F25)&" kg" -> TOTAL: 535 kg
A27: LISTA DE RM
A28: SQUAT | C28: BENCH PRESS | E28: DEALIFT
A30: Ejercicio | B30: Récord | C30: Ejercicio | D30: Récord | E30: Ejercicio | F30: Récord
F31: 210
D67: Copyright©2023 RV Strength™

Sheet Copia de Calentamiento
D1: CALENTAMIENTO
B13: DÍA / MOVIMIENTO | C13: OBJETIVO | D13: EJERCICIO | E13: SETS / REPS / TIEMPO/INTENSIDAD | F13: VÍDEO | G13: NOTAS DEL ENTRENADOR
C14: Entrada en calor | D14: Foam Roller
B15: SQ | C15: Movilidad | D15: Cat Camel | E15: 1x18¬20 | F15: video
C16: Movilidad | D16: Rotaciones escapulares | E16: 3x12¬14 | F16: video | G16: Hacia adelante, atras y alternas
C17: Movilidad | D17: Rotaciones torácicas | E17: 2x16¬18 | F17: video
C18: Activación | D18: Bird dog | E18: 2x12
C19: Movilidad | D19: Dorsiflexion | E19: 2x20 | F19: video
C20: Activación
B21: BP | C21: Movilidad | D21: Band pull apart | E21: 1x16¬18 | F21: video
C22: Activación | D22: Mangito rotador | E22: 1x12¬14
C23: Activación | D23: Band pull over | E23: 1x12¬14
B25: DL | C25: Movilidad | D25: Glute bridge | E25: 1x20 | F25: video
C26: Movilidad | D26: Dead bug | E26: 1x20
C27: Movilidad | D27: Extension femoral | E27: 2x12¬14 | F27: video

Sheet Copia de Estructura por Bloques
S2: CUANTIFACIÓN DE LAS MÉTRICAS
CA4: BÁSICOS IMPULSO
G5: ESTRUCTURA POR BLOQUES | CB5: S1 | CC5: S2 | CD5: S3 | CE5: S4 | CF5: S5 | CG5: S6 | CH5: S7 | CI5: S8 | CJ5: S9 | CK5: S10 | CL5: S11 | CM5: S12 | CN5: S13 | CO5: S14 | CP5: S15 | CQ5: S16 | CR5: S17 | CS5: S18 | CT5: S19 | CU5: S20 | CV5: S21 | CW5: S22 | CX5: S23 | CY5: S24 | CZ5: S25 | DA5: S26 | DB5: S27 | DC5: S28 | DD5: S29 | DE5: S30 | DF5: S31 | DG5: S32 | DH5: S33 | DI5: S34 | DJ5: S35 | DK5: S36 | DL5: S37 | DM5: S38 | DN5: S39 | DO5: S40 | DP5: S41 | DQ5: S42 | DR5: S43 | DS5: S44 | DT5: S45 | DU5: S46 | DV5: S47 | DW5: S48 | DX5: S49 | DY5: S50 | DZ5: S51 | EA5: S52 | EB5: S53 | EC5: S54
CA6: SQ | CB6: =IFERROR(INDIRECT("'Bloque "&V24&" Semana "&V23&"'"&"!"&"CD15"),"") | CC6: =IFERROR(INDIRECT("'Bloque "&W24&" Semana "&W23&"'"&"!"&"CD15"),"") | CD6: =IFERROR(INDIRECT("'Bloque "&X24&" Semana "&X23&"'"&"!"&"CD15"),"") | CE6: =IFERROR(INDIRECT("'Bloque "&Y24&" Semana "&Y23&"'"&"!"&"CD15"),"") | CF6: =IFERROR(INDIRECT("'Bloque "&Z24&" Semana "&Z23&"'"&"!"&"CD15"),"") | CG6: =IFERROR(INDIRECT("'Bloque "&AA24&" Semana "&AA23&"'"&"!"&"CD15"),"") | CH6: =IFERROR(INDIRECT("'Bloque "&AB24&" Semana "&AB23&"'"&"!"&"CD15"),"") | CI6: =IFERROR(INDIRECT("'Bloque "&AC24&" Semana "&AC23&"'"&"!"&"CD15"),"") | ... DB6: =IFERROR(INDIRECT("'Bloque "&AV24&" Semana "&AV23&"'"&"!"&"CD15"),"") | DC6: =IFERROR(INDIRECT("'Bloque "&V41&" Semana "&V40&"'"&"!"&"CD15"),"") | DD6: =IFERROR(INDIRECT("'Bloque "&W41&" Semana "&W40&"'"&"!"&"CD15"),"") | DE6: =IFERROR(INDIRECT("'Bloque "&X41&" Semana "&X40&"'"&"!"&"CD15"),"") | DF6: =IFERROR(INDIRECT("'Bloque "&Y41&" Semana "&Y40&"'"&"!"&"CD15"),"") | DG6: =IFERROR(INDIRECT("'Bloque "&Z41&" Semana "&Z40&"'"&"!"&"CD15"),"") | DH6: =IFERROR(INDIRECT("'Bloque "&AA41&" Semana "&AA40&"'"&"!"&"CD15"),"") | DI6: =IFERROR(INDIRECT("'Bloque "&AB41&" Semana "&AB40&"'"&"!"&"CD15"),"") | DJ6: =IFERROR(INDIRECT("'Bloque "&AC41&" Semana "&AC40&"'"&"!"&"CD15"),"") | ... EC6: =IFERROR(INDIRECT("'Bloque "&AV41&" Semana "&AV40&"'"&"!"&"CD15"),"")
CA7: BP | CB7: =IFERROR(INDIRECT("'Bloque "&V24&" Semana "&V23&"'"&"!"&"CD16"),"") | CC7: =IFERROR(INDIRECT("'Bloque "&W24&" Semana "&W23&"'"&"!"&"CD16"),"") | CD7: =IFERROR(INDIRECT("'Bloque "&X24&" Semana "&X23&"'"&"!"&"CD16"),"") | CE7: =IFERROR(INDIRECT("'Bloque "&Y24&" Semana "&Y23&"'"&"!"&"CD16"),"") | CF7: =IFERROR(INDIRECT("'Bloque "&Z24&" Semana "&Z23&"'"&"!"&"CD16"),"") | CG7: =IFERROR(INDIRECT("'Bloque "&AA24&" Semana "&AA23&"'"&"!"&"CD16"),"") | CH7: =IFERROR(INDIRECT("'Bloque "&AB24&" Semana "&AB23&"'"&"!"&"CD16"),"") | CI7: =IFERROR(INDIRECT("'Bloque "&AC24&" Semana "&AC23&"'"&"!"&"CD16"),"") | ... DB7: =IFERROR(INDIRECT("'Bloque "&AV24&" Semana "&AV23&"'"&"!"&"CD16"),"") | DC7: =IFERROR(INDIRECT("'Bloque "&V41&" Semana "&V40&"'"&"!"&"CD16"),"") | DD7: =IFERROR(INDIRECT("'Bloque "&W41&" Semana "&W40&"'"&"!"&"CD16"),"") | DE7: =IFERROR(INDIRECT("'Bloque "&X41&" Semana "&X40&"'"&"!"&"CD16"),"") | DF7: =IFERROR(INDIRECT("'Bloque "&Y41&" Semana "&Y40&"'"&"!"&"CD16"),"") | DG7: =IFERROR(INDIRECT("'Bloque "&Z41&" Semana "&Z40&"'"&"!"&"CD16"),"") | DH7: =IFERROR(INDIRECT("'Bloque "&AA41&" Semana "&AA40&"'"&"!"&"CD16"),"") | DI7: =IFERROR(INDIRECT("'Bloque "&AB41&" Semana "&AB40&"'"&"!"&"CD16"),"") | DJ7: =IFERROR(INDIRECT("'Bloque "&AC41&" Semana "&AC40&"'"&"!"&"CD16"),"") | ... EC7: =IFERROR(INDIRECT("'Bloque "&AV41&" Semana "&AV40&"'"&"!"&"CD16"),"")
CA8: DL | CB8: =IFERROR(INDIRECT("'Bloque "&V24&" Semana "&V23&"'"&"!"&"CD17"),"") | CC8: =IFERROR(INDIRECT("'Bloque "&W24&" Semana "&W23&"'"&"!"&"CD17"),"") | CD8: =IFERROR(INDIRECT("'Bloque "&X24&" Semana "&X23&"'"&"!"&"CD17"),"") | CE8: =IFERROR(INDIRECT("'Bloque "&Y24&" Semana "&Y23&"'"&"!"&"CD17"),"") | CF8: =IFERROR(INDIRECT("'Bloque "&Z24&" Semana "&Z23&"'"&"!"&"CD17"),"") | CG8: =IFERROR(INDIRECT("'Bloque "&AA24&" Semana "&AA23&"'"&"!"&"CD17"),"") | CH8: =IFERROR(INDIRECT("'Bloque "&AB24&" Semana "&AB23&"'"&"!"&"CD17"),"") | CI8: =IFERROR(INDIRECT("'Bloque "&AC24&" Semana "&AC23&"'"&"!"&"CD17"),"") | ... DB8: =IFERROR(INDIRECT("'Bloque "&AV24&" Semana "&AV23&"'"&"!"&"CD17"),"") | DC8: =IFERROR(INDIRECT("'Bloque "&V41&" Semana "&V40&"'"&"!"&"CD17"),"") | DD8: =IFERROR(INDIRECT("'Bloque "&W41&" Semana "&W40&"'"&"!"&"CD17"),"") | DE8: =IFERROR(INDIRECT("'Bloque "&X41&" Semana "&X40&"'"&"!"&"CD17"),"") | DF8: =IFERROR(INDIRECT("'Bloque "&Y41&" Semana "&Y40&"'"&"!"&"CD17"),"") | DG8: =IFERROR(INDIRECT("'Bloque "&Z41&" Semana "&Z40&"'"&"!"&"CD17"),"") | DH8: =IFERROR(INDIRECT("'Bloque "&AA41&" Semana "&AA40&"'"&"!"&"CD17"),"") | DI8: =IFERROR(INDIRECT("'Bloque "&AB41&" Semana "&AB40&"'"&"!"&"CD17"),"") | DJ8: =IFERROR(INDIRECT("'Bloque "&AC41&" Semana "&AC40&"'"&"!"&"CD17"),"") | ... EC8: =IFERROR(INDIRECT("'Bloque "&AV41&" Semana "&AV40&"'"&"!"&"CD17"),"")
F9: SQ | G9: BP | H9: DL | I9: TOTAL | J9: MEJORA EN KG | K9: MEJORA EN %
D10: RM Iniciales | F10: ='Introducción'!A24 -> #REF! | G10: ='Introducción'!C24 -> #REF! | H10: ='Introducción'!E24 -> #REF! | I10: =SUM(F10:H10) -> #REF! | J10: =IFERROR(MID(I11,1,3)-MID(I10,1,3),"") | K10: =IFERROR(MID(I11,1,3)-MID(I10,1,3),"")/MID(I10,1,3) -> #REF!
D11: RM Finales de la temporada | I11: =SUM(F11:H11) -> 0 | S11: PERIODIZACIÓN DE LA TEMPORADA | CA11: BÁSICOS NL
D13: TIPO DE BLOQUE | E13: Nº DEL BLOQUE | F13: OBJETIVOS DEL BLOQUE | G13: ANOTACIONES DEL BLOQUE | H13: BLOCK REVIEW | I13: ELECCIÓN DE BÁSICOS | L13: RM's | T13: Fecha de inicio de temporada | U13: 45313 | V13: Semana 1 | W13: Semana 2 | X13: Semana 3 | Y13: Semana 4 | Z13: Semana 5 | AA13: Semana 6 | AB13: Semana 7 | AC13: Semana 8 | AD13: Semana 9 | AE13: Semana 10 | AF13: Semana 11 | AG13: Semana 12 | AH13: Semana 13 | AI13: Semana 14 | AJ13: Semana 15 | AK13: Semana 16 | AL13: Semana 17 | AM13: Semana 18 | AN13: Semana 19 | AO13: Semana 20 | AP13: Semana 21 | AQ13: Semana 22 | AR13: Semana 23 | AS13: Semana 24 | AT13: Semana 25 | AU13: Semana 26 | AV13: Semana 27 | CB13: S1 | CC13: S2 | CD13: S3 | CE13: S4 | CF13: S5 | CG13: S6 | CH13: S7 | CI13: S8 | CJ13: S9 | CK13: S10 | CL13: S11 | CM13: S12 | CN13: S13 | CO13: S14 | CP13: S15 | CQ13: S16 | CR13: S17 | CS13: S18 | CT13: S19 | CU13: S20 | CV13: S21 | CW13: S22 | CX13: S23 | CY13: S24 | CZ13: S25 | DA13: S26 | DB13: S27 | DC13: S28 | DD13: S29 | DE13: S30 | DF13: S31 | DG13: S32 | DH13: S33 | DI13: S34 | DJ13: S35 | DK13: S36 | DL13: S37 | DM13: S38 | DN13: S39 | DO13: S40 | DP13: S41 | DQ13: S42 | DR13: S43 | DS13: S44 | DT13: S45 | DU13: S46 | DV13: S47 | DW13: S48 | DX13: S49 | DY13: S50 | DZ13: S51 | EA13: S52 | EB13: S53 | EC13: S54
I14: SQ | J14: BP | K14: DL | L14: SQ | M14: BP | N14: DL | T14: Leyenda | V14: =TEXT(V15,"mmmm") -> enero | W14: =TEXT(W15,"mmmm") -> enero | X14: =TEXT(X15,"mmmm") -> febrero | Y14: =TEXT(Y15,"mmmm") -> febrero | Z14: =TEXT(Z15,"mmmm") -> febrero | AA14: =TEXT(AA15,"mmmm") -> febrero | AB14: =TEXT(AB15,"mmmm") -> marzo | AC14: =TEXT(AC15,"mmmm") -> marzo | ... AV14: =TEXT(AV15,"mmmm") -> julio | CA14: SQ | CB14: =IFERROR(INDIRECT("'Bloque "&V24&" Semana "&V23&"'"&"!"&"CB15"),"") | CC14: =IFERROR(INDIRECT("'Bloque "&W24&" Semana "&W23&"'"&"!"&"CB15"),"") | CD14: =IFERROR(INDIRECT("'Bloque "&X24&" Semana "&X23&"'"&"!"&"CB15"),"") | CE14: =IFERROR(INDIRECT("'Bloque "&Y24&" Semana "&Y23&"'"&"!"&"CB15"),"") | CF14: =IFERROR(INDIRECT("'Bloque "&Z24&" Semana "&Z23&"'"&"!"&"CB15"),"") | CG14: =IFERROR(INDIRECT("'Bloque "&AA24&" Semana "&AA23&"'"&"!"&"CB15"),"") | CH14: =IFERROR(INDIRECT("'Bloque "&AB24&" Semana "&AB23&"'"&"!"&"CB15"),"") | CI14: =IFERROR(INDIRECT("'Bloque "&AC24&" Semana "&AC23&"'"&"!"&"CB15"),"") | ... DB14: =IFERROR(INDIRECT("'Bloque "&AV24&" Semana "&AV23&"'"&"!"&"CB15"),"") | DC14: =IFERROR(INDIRECT("'Bloque "&V41&" Semana "&V40&"'"&"!"&"CB15"),"") | DD14: =IFERROR(INDIRECT("'Bloque "&W41&" Semana "&W40&"'"&"!"&"CB15"),"") | DE14: =IFERROR(INDIRECT("'Bloque "&X41&" Semana "&X40&"'"&"!"&"CB15"),"") | DF14: =IFERROR(INDIRECT("'Bloque "&Y41&" Semana "&Y40&"'"&"!"&"CB15"),"") | DG14: =IFERROR(INDIRECT("'Bloque "&Z41&" Semana "&Z40&"'"&"!"&"CB15"),"") | DH14: =IFERROR(INDIRECT("'Bloque "&AA41&" Semana "&AA40&"'"&"!"&"CB15"),"") | DI14: =IFERROR(INDIRECT("'Bloque "&AB41&" Semana "&AB40&"'"&"!"&"CB15"),"") | DJ14: =IFERROR(INDIRECT("'Bloque "&AC41&" Semana "&AC40&"'"&"!"&"CB15"),"") | ... EC14: =IFERROR(INDIRECT("'Bloque "&AV41&" Semana "&AV40&"'"&"!"&"CB15"),"")
D15: HIPERTROFIA | E15: 1 | T15: Competición | U15: =TEXT($U$13,"dddd") -> lunes | V15: =U13 -> 45313 | W15: =V15+7 -> 45320 | X15: =W15+7 -> 45327 | Y15: =X15+7 -> 45334 | Z15: =Y15+7 -> 45341 | AA15: =Z15+7 -> 45348 | AB15: =AA15+7 -> 45355 | AC15: =AB15+7 -> 45362 | AD15: =AC15+7 -> 45369 | ... AV15: =AU15+7 -> 45495 | CA15: BP | CB15: =IFERROR(INDIRECT("'Bloque "&V24&" Semana "&V23&"'"&"!"&"CB16"),"") | CC15: =IFERROR(INDIRECT("'Bloque "&W24&" Semana "&W23&"'"&"!"&"CB16"),"") | CD15: =IFERROR(INDIRECT("'Bloque "&X24&" Semana "&X23&"'"&"!"&"CB16"),"") | CE15: =IFERROR(INDIRECT("'Bloque "&Y24&" Semana "&Y23&"'"&"!"&"CB16"),"") | CF15: =IFERROR(INDIRECT("'Bloque "&Z24&" Semana "&Z23&"'"&"!"&"CB16"),"") | CG15: =IFERROR(INDIRECT("'Bloque "&AA24&" Semana "&AA23&"'"&"!"&"CB16"),"") | CH15: =IFERROR(INDIRECT("'Bloque "&AB24&" Semana "&AB23&"'"&"!"&"CB16"),"") | CI15: =IFERROR(INDIRECT("'Bloque "&AC24&" Semana "&AC23&"'"&"!"&"CB16"),"") | ... DB15: =IFERROR(INDIRECT("'Bloque "&AV24&" Semana "&AV23&"'"&"!"&"CB16"),"") | DC15: =IFERROR(INDIRECT("'Bloque "&V41&" Semana "&V40&"'"&"!"&"CB16"),"") | DD15: =IFERROR(INDIRECT("'Bloque "&W41&" Semana "&W40&"'"&"!"&"CB16"),"") | DE15: =IFERROR(INDIRECT("'Bloque "&X41&" Semana "&X40&"'"&"!"&"CB16"),"") | DF15: =IFERROR(INDIRECT("'Bloque "&Y41&" Semana "&Y40&"'"&"!"&"CB16"),"") | DG15: =IFERROR(INDIRECT("'Bloque "&Z41&" Semana "&Z40&"'"&"!"&"CB16"),"") | DH15: =IFERROR(INDIRECT("'Bloque "&AA41&" Semana "&AA40&"'"&"!"&"CB16"),"") | DI15: =IFERROR(INDIRECT("'Bloque "&AB41&" Semana "&AB40&"'"&"!"&"CB16"),"") | DJ15: =IFERROR(INDIRECT("'Bloque "&AC41&" Semana "&AC40&"'"&"!"&"CB16"),"") | ... EC15: =IFERROR(INDIRECT("'Bloque "&AV41&" Semana "&AV40&"'"&"!"&"CB16"),"")
T16: Tapering | U16: =TEXT($U$13+1,"dddd") -> martes | V16: =V15+1 -> 45314 | W16: =W15+1 -> 45321 | X16: =X15+1 -> 45328 | Y16: =Y15+1 -> 45335 | Z16: =Z15+1 -> 45342 | AA16: =AA15+1 -> 45349 | AB16: =AB15+1 -> 45356 | AC16: =AC15+1 -> 45363 | ... AV16: =AV15+1 -> 45496 | CA16: DL | CB16: =IFERROR(INDIRECT("'Bloque "&V24&" Semana "&V23&"'"&"!"&"CB17"),"") | CC16: =IFERROR(INDIRECT("'Bloque "&W24&" Semana "&W23&"'"&"!"&"CB17"),"") | CD16: =IFERROR(INDIRECT("'Bloque "&X24&" Semana "&X23&"'"&"!"&"CB17"),"") | CE16: =IFERROR(INDIRECT("'Bloque "&Y24&" Semana "&Y23&"'"&"!"&"CB17"),"") | CF16: =IFERROR(INDIRECT("'Bloque "&Z24&" Semana "&Z23&"'"&"!"&"CB17"),"") | CG16: =IFERROR(INDIRECT("'Bloque "&AA24&" Semana "&AA23&"'"&"!"&"CB17"),"") | CH16: =IFERROR(INDIRECT("'Bloque "&AB24&" Semana "&AB23&"'"&"!"&"CB17"),"") | CI16: =IFERROR(INDIRECT("'Bloque "&AC24&" Semana "&AC23&"'"&"!"&"CB17"),"") | ... DB16: =IFERROR(INDIRECT("'Bloque "&AV24&" Semana "&AV23&"'"&"!"&"CB17"),"") | DC16: =IFERROR(INDIRECT("'Bloque "&V41&" Semana "&V40&"'"&"!"&"CB17"),"") | DD16: =IFERROR(INDIRECT("'Bloque "&W41&" Semana "&W40&"'"&"!"&"CB17"),"") | DE16: =IFERROR(INDIRECT("'Bloque "&X41&" Semana "&X40&"'"&"!"&"CB17"),"") | DF16: =IFERROR(INDIRECT("'Bloque "&Y41&" Semana "&Y40&"'"&"!"&"CB17"),"") | DG16: =IFERROR(INDIRECT("'Bloque "&Z41&" Semana "&Z40&"'"&"!"&"CB17"),"") | DH16: =IFERROR(INDIRECT("'Bloque "&AA41&" Semana "&AA40&"'"&"!"&"CB17"),"") | DI16: =IFERROR(INDIRECT("'Bloque "&AB41&" Semana "&AB40&"'"&"!"&"CB17"),"") | DJ16: =IFERROR(INDIRECT("'Bloque "&AC41&" Semana "&AC40&"'"&"!"&"CB17"),"") | ... EC16: =IFERROR(INDIRECT("'Bloque "&AV41&" Semana "&AV40&"'"&"!"&"CB17"),"")
T17: Peaking | U17: =TEXT($U$13+2,"dddd") -> miércoles | V17: =V16+1 -> 45315 | W17: =W16+1 -> 45322 | X17: =X16+1 -> 45329 | Y17: =Y16+1 -> 45336 | Z17: =Z16+1 -> 45343 | AA17: =AA16+1 -> 45350 | AB17: =AB16+1 -> 45357 | AC17: =AC16+1 -> 45364 | ... AV17: =AV16+1 -> 45497
T18: Volumen | U18: =TEXT($U$13+3,"dddd") -> jueves | V18: =V17+1 -> 45316 | W18: =W17+1 -> 45323 | X18: =X17+1 -> 45330 | Y18: =Y17+1 -> 45337 | Z18: =Z17+1 -> 45344 | AA18: =AA17+1 -> 45351 | AB18: =AB17+1 -> 45358 | AC18: =AC17+1 -> 45365 | ... AV18: =AV17+1 -> 45498
T19: Fuerza Base | U19: =TEXT($U$13+4,"dddd") -> viernes | V19: =V18+1 -> 45317 | W19: =W18+1 -> 45324 | X19: =X18+1 -> 45331 | Y19: =Y18+1 -> 45338 | Z19: =Z18+1 -> 45345 | AA19: =AA18+1 -> 45352 | AB19: =AB18+1 -> 45359 | AC19: =AC18+1 -> 45366 | ... AV19: =AV18+1 -> 45499
T20: Hipertrofia | U20: =TEXT($U$13+5,"dddd") -> sábado | V20: =V19+1 -> 45318 | W20: =W19+1 -> 45325 | X20: =X19+1 -> 45332 | Y20: =Y19+1 -> 45339 | Z20: =Z19+1 -> 45346 | AA20: =AA19+1 -> 45353 | AB20: =AB19+1 -> 45360 | AC20: =AC19+1 -> 45367 | ... AV20: =AV19+1 -> 45500
T21: Bloque de volumen (Hipertrofia) | U21: =TEXT($U$13+6,"dddd") -> domingo | V21: =V20+1 -> 45319 | W21: =W20+1 -> 45326 | X21: =X20+1 -> 45333 | Y21: =Y20+1 -> 45340 | Z21: =Z20+1 -> 45347 | AA21: =AA20+1 -> 45354 | AB21: =AB20+1 -> 45361 | AC21: =AC20+1 -> 45368 | ... AV21: =AV20+1 -> 45501 | CA21: BÁSICOS pred1RM
T22: Bloque de fuerza (Hipertrofia) | U22: Observaciones | CB22: S1 | CC22: S2 | CD22: S3 | CE22: S4 | CF22: S5 | CG22: S6 | CH22: S7 | CI22: S8 | CJ22: S9 | CK22: S10 | CL22: S11 | CM22: S12 | CN22: S13 | CO22: S14 | CP22: S15 | CQ22: S16 | CR22: S17 | CS22: S18 | CT22: S19 | CU22: S20 | CV22: S21 | CW22: S22 | CX22: S23 | CY22: S24 | CZ22: S25 | DA22: S26 | DB22: S27 | DC22: S28 | DD22: S29 | DE22: S30 | DF22: S31 | DG22: S32 | DH22: S33 | DI22: S34 | DJ22: S35 | DK22: S36 | DL22: S37 | DM22: S38 | DN22: S39 | DO22: S40 | DP22: S41 | DQ22: S42 | DR22: S43 | DS22: S44 | DT22: S45 | DU22: S46 | DV22: S47 | DW22: S48 | DX22: S49 | DY22: S50 | DZ22: S51 | EA22: S52 | EB22: S53 | EC22: S54
T23: Bloque de intensificación (Hipertrofia) | U23: Nº Microciclo | V23: 1 | CA23: SQ | CB23: =IFERROR(INDIRECT("'Bloque "&V24&" Semana "&V23&"'"&"!"&"CE15"),"") | CC23: =IFERROR(INDIRECT("'Bloque "&W24&" Semana "&W23&"'"&"!"&"CE15"),"") | CD23: =IFERROR(INDIRECT("'Bloque "&X24&" Semana "&X23&"'"&"!"&"CE15"),"") | CE23: =IFERROR(INDIRECT("'Bloque "&Y24&" Semana "&Y23&"'"&"!"&"CE15"),"") | CF23: =IFERROR(INDIRECT("'Bloque "&Z24&" Semana "&Z23&"'"&"!"&"CE15"),"") | CG23: =IFERROR(INDIRECT("'Bloque "&AA24&" Semana "&AA23&"'"&"!"&"CE15"),"") | CH23: =IFERROR(INDIRECT("'Bloque "&AB24&" Semana "&AB23&"'"&"!"&"CE15"),"") | CI23: =IFERROR(INDIRECT("'Bloque "&AC24&" Semana "&AC23&"'"&"!"&"CE15"),"") | ... DB23: =IFERROR(INDIRECT("'Bloque "&AV24&" Semana "&AV23&"'"&"!"&"CE15"),"") | DC23: =IFERROR(INDIRECT("'Bloque "&V41&" Semana "&V40&"'"&"!"&"CE15"),"") | DD23: =IFERROR(INDIRECT("'Bloque "&W41&" Semana "&W40&"'"&"!"&"CE15"),"") | DE23: =IFERROR(INDIRECT("'Bloque "&X41&" Semana "&X40&"'"&"!"&"CE15"),"") | DF23: =IFERROR(INDIRECT("'Bloque "&Y41&" Semana "&Y40&"'"&"!"&"CE15"),"") | DG23: =IFERROR(INDIRECT("'Bloque "&Z41&" Semana "&Z40&"'"&"!"&"CE15"),"") | DH23: =IFERROR(INDIRECT("'Bloque "&AA41&" Semana "&AA40&"'"&"!"&"CE15"),"") | DI23: =IFERROR(INDIRECT("'Bloque "&AB41&" Semana "&AB40&"'"&"!"&"CE15"),"") | DJ23: =IFERROR(INDIRECT("'Bloque "&AC41&" Semana "&AC40&"'"&"!"&"CE15"),"") | ... EC23: =IFERROR(INDIRECT("'Bloque "&AV41&" Semana "&AV40&"'"&"!"&"CE15"),"")
T24: Pivot | U24: Nº Bloque | V24: 1 | CA24: BP | CB24: =IFERROR(INDIRECT("'Bloque "&V24&" Semana "&V23&"'"&"!"&"CE16"),"") | CC24: =IFERROR(INDIRECT("'Bloque "&W24&" Semana "&W23&"'"&"!"&"CE16"),"") | CD24: =IFERROR(INDIRECT("'Bloque "&X24&" Semana "&X23&"'"&"!"&"CE16"),"") | CE24: =IFERROR(INDIRECT("'Bloque "&Y24&" Semana "&Y23&"'"&"!"&"CE16"),"") | CF24: =IFERROR(INDIRECT("'Bloque "&Z24&" Semana "&Z23&"'"&"!"&"CE16"),"") | CG24: =IFERROR(INDIRECT("'Bloque "&AA24&" Semana "&AA23&"'"&"!"&"CE16"),"") | CH24: =IFERROR(INDIRECT("'Bloque "&AB24&" Semana "&AB23&"'"&"!"&"CE16"),"") | CI24: =IFERROR(INDIRECT("'Bloque "&AC24&" Semana "&AC23&"'"&"!"&"CE16"),"") | ... DB24: =IFERROR(INDIRECT("'Bloque "&AV24&" Semana "&AV23&"'"&"!"&"CE16"),"") | DC24: =IFERROR(INDIRECT("'Bloque "&V41&" Semana "&V40&"'"&"!"&"CE16"),"") | DD24: =IFERROR(INDIRECT("'Bloque "&W41&" Semana "&W40&"'"&"!"&"CE16"),"") | DE24: =IFERROR(INDIRECT("'Bloque "&X41&" Semana "&X40&"'"&"!"&"CE16"),"") | DF24: =IFERROR(INDIRECT("'Bloque "&Y41&" Semana "&Y40&"'"&"!"&"CE16"),"") | DG24: =IFERROR(INDIRECT("'Bloque "&Z41&" Semana "&Z40&"'"&"!"&"CE16"),"") | DH24: =IFERROR(INDIRECT("'Bloque "&AA41&" Semana "&AA40&"'"&"!"&"CE16"),"") | DI24: =IFERROR(INDIRECT("'Bloque "&AB41&" Semana "&AB40&"'"&"!"&"CE16"),"") | DJ24: =IFERROR(INDIRECT("'Bloque "&AC41&" Semana "&AC40&"'"&"!"&"CE16"),"") | ... EC24: =IFERROR(INDIRECT("'Bloque "&AV41&" Semana "&AV40&"'"&"!"&"CE16"),"")
U25: Tipo de bloque | V25: HIPERTROFIA | CA25: DL | CB25: =IFERROR(INDIRECT("'Bloque "&V24&" Semana "&V23&"'"&"!"&"CE17"),"") | CC25: =IFERROR(INDIRECT("'Bloque "&W24&" Semana "&W23&"'"&"!"&"CE17"),"") | CD25: =IFERROR(INDIRECT("'Bloque "&X24&" Semana "&X23&"'"&"!"&"CE17"),"") | CE25: =IFERROR(INDIRECT("'Bloque "&Y24&" Semana "&Y23&"'"&"!"&"CE17"),"") | CF25: =IFERROR(INDIRECT("'Bloque "&Z24&" Semana "&Z23&"'"&"!"&"CE17"),"") | CG25: =IFERROR(INDIRECT("'Bloque "&AA24&" Semana "&AA23&"'"&"!"&"CE17"),"") | CH25: =IFERROR(INDIRECT("'Bloque "&AB24&" Semana "&AB23&"'"&"!"&"CE17"),"") | CI25: =IFERROR(INDIRECT("'Bloque "&AC24&" Semana "&AC23&"'"&"!"&"CE17"),"") | ... DB25: =IFERROR(INDIRECT("'Bloque "&AV24&" Semana "&AV23&"'"&"!"&"CE17"),"") | DC25: =IFERROR(INDIRECT("'Bloque "&V41&" Semana "&V40&"'"&"!"&"CE17"),"") | DD25: =IFERROR(INDIRECT("'Bloque "&W41&" Semana "&W40&"'"&"!"&"CE17"),"") | DE25: =IFERROR(INDIRECT("'Bloque "&X41&" Semana "&X40&"'"&"!"&"CE17"),"") | DF25: =IFERROR(INDIRECT("'Bloque "&Y41&" Semana "&Y40&"'"&"!"&"CE17"),"") | DG25: =IFERROR(INDIRECT("'Bloque "&Z41&" Semana "&Z40&"'"&"!"&"CE17"),"") | DH25: =IFERROR(INDIRECT("'Bloque "&AA41&" Semana "&AA40&"'"&"!"&"CE17"),"") | DI25: =IFERROR(INDIRECT("'Bloque "&AB41&" Semana "&AB40&"'"&"!"&"CE17"),"") | DJ25: =IFERROR(INDIRECT("'Bloque "&AC41&" Semana "&AC40&"'"&"!"&"CE17"),"") | ... EC25: =IFERROR(INDIRECT("'Bloque "&AV41&" Semana "&AV40&"'"&"!"&"CE17"),"")
U26: Fase | V26: GPP | CA26: TOTAL | CB26: =IFERROR(INDIRECT("'Bloque "&V24&" Semana "&V23&"'"&"!"&"CE18"),"") | CC26: =IFERROR(INDIRECT("'Bloque "&W24&" Semana "&W23&"'"&"!"&"CE18"),"") | CD26: =IFERROR(INDIRECT("'Bloque "&X24&" Semana "&X23&"'"&"!"&"CE18"),"") | CE26: =IFERROR(INDIRECT("'Bloque "&Y24&" Semana "&Y23&"'"&"!"&"CE18"),"") | CF26: =IFERROR(INDIRECT("'Bloque "&Z24&" Semana "&Z23&"'"&"!"&"CE18"),"") | CG26: =IFERROR(INDIRECT("'Bloque "&AA24&" Semana "&AA23&"'"&"!"&"CE18"),"") | CH26: =IFERROR(INDIRECT("'Bloque "&AB24&" Semana "&AB23&"'"&"!"&"CE18"),"") | CI26: =IFERROR(INDIRECT("'Bloque "&AC24&" Semana "&AC23&"'"&"!"&"CE18"),"") | ... DB26: =IFERROR(INDIRECT("'Bloque "&AV24&" Semana "&AV23&"'"&"!"&"CE18"),"") | DC26: =IFERROR(INDIRECT("'Bloque "&V41&" Semana "&V40&"'"&"!"&"CE18"),"") | DD26: =IFERROR(INDIRECT("'Bloque "&W41&" Semana "&W40&"'"&"!"&"CE18"),"") | DE26: =IFERROR(INDIRECT("'Bloque "&X41&" Semana "&X40&"'"&"!"&"CE18"),"") | DF26: =IFERROR(INDIRECT("'Bloque "&Y41&" Semana "&Y40&"'"&"!"&"CE18"),"") | DG26: =IFERROR(INDIRECT("'Bloque "&Z41&" Semana "&Z40&"'"&"!"&"CE18"),"") | DH26: =IFERROR(INDIRECT("'Bloque "&AA41&" Semana "&AA40&"'"&"!"&"CE18"),"") | DI26: =IFERROR(INDIRECT("'Bloque "&AB41&" Semana "&AB40&"'"&"!"&"CE18"),"") | DJ26: =IFERROR(INDIRECT("'Bloque "&AC41&" Semana "&AC40&"'"&"!"&"CE18"),"") | ... EC26: =IFERROR(INDIRECT("'Bloque "&AV41&" Semana "&AV40&"'"&"!"&"CE18"),"")
CA28: FATIGA SEMANAL
CB29: S1 | CC29: S2 | CD29: S3 | CE29: S4 | CF29: S5 | CG29: S6 | CH29: S7 | CI29: S8 | CJ29: S9 | CK29: S10 | CL29: S11 | CM29: S12 | CN29: S13 | CO29: S14 | CP29: S15 | CQ29: S16 | CR29: S17 | CS29: S18 | CT29: S19 | CU29: S20 | CV29: S21 | CW29: S22 | CX29: S23 | CY29: S24 | CZ29: S25 | DA29: S26 | DB29: S27 | DC29: S28 | DD29: S29 | DE29: S30 | DF29: S31 | DG29: S32 | DH29: S33 | DI29: S34 | DJ29: S35 | DK29: S36 | DL29: S37 | DM29: S38 | DN29: S39 | DO29: S40 | DP29: S41 | DQ29: S42 | DR29: S43 | DS29: S44 | DT29: S45 | DU29: S46 | DV29: S47 | DW29: S48 | DX29: S49 | DY29: S50 | DZ29: S51 | EA29: S52 | EB29: S53 | EC29: S54
V30: Semana 28 | W30: Semana 29 | X30: Semana 30 | Y30: Semana 31 | Z30: Semana 32 | AA30: Semana 33 | AB30: Semana 34 | AC30: Semana 35 | AD30: Semana 36 | AE30: Semana 37 | AF30: Semana 38 | AG30: Semana 39 | AH30: Semana 40 | AI30: Semana 41 | AJ30: Semana 42 | AK30: Semana 43 | AL30: Semana 44 | AM30: Semana 45 | AN30: Semana 46 | AO30: Semana 47 | AP30: Semana 48 | AQ30: Semana 49 | AR30: Semana 50 | AS30: Semana 51 | AT30: Semana 52 | AU30: Semana 53 | AV30: Semana 54 | CA30: FATIGA | CB30: =IFERROR(INDIRECT("'Bloque "&V24&" Semana "&V23&"'"&"!"&"AK17"),"") | CC30: =IFERROR(INDIRECT("'Bloque "&W24&" Semana "&W23&"'"&"!"&"AK17"),"") | CD30: =IFERROR(INDIRECT("'Bloque "&X24&" Semana "&X23&"'"&"!"&"AK17"),"") | CE30: =IFERROR(INDIRECT("'Bloque "&Y24&" Semana "&Y23&"'"&"!"&"AK17"),"") | CF30: =IFERROR(INDIRECT("'Bloque "&Z24&" Semana "&Z23&"'"&"!"&"AK17"),"") | CG30: =IFERROR(INDIRECT("'Bloque "&AA24&" Semana "&AA23&"'"&"!"&"AK17"),"") | CH30: =IFERROR(INDIRECT("'Bloque "&AB24&" Semana "&AB23&"'"&"!"&"AK17"),"") | CI30: =IFERROR(INDIRECT("'Bloque "&AC24&" Semana "&AC23&"'"&"!"&"AK17"),"") | ... DB30: =IFERROR(INDIRECT("'Bloque "&AV24&" Semana "&AV23&"'"&"!"&"AK17"),"") | DC30: =IFERROR(INDIRECT("'Bloque "&V41&" Semana "&V40&"'"&"!"&"AK17"),"") | DD30: =IFERROR(INDIRECT("'Bloque "&W41&" Semana "&W40&"'"&"!"&"AK17"),"") | DE30: =IFERROR(INDIRECT("'Bloque "&X41&" Semana "&X40&"'"&"!"&"AK17"),"") | DF30: =IFERROR(INDIRECT("'Bloque "&Y41&" Semana "&Y40&"'"&"!"&"AK17"),"") | DG30: =IFERROR(INDIRECT("'Bloque "&Z41&" Semana "&Z40&"'"&"!"&"AK17"),"") | DH30: =IFERROR(INDIRECT("'Bloque "&AA41&" Semana "&AA40&"'"&"!"&"AK17"),"") | DI30: =IFERROR(INDIRECT("'Bloque "&AB41&" Semana "&AB40&"'"&"!"&"AK17"),"") | DJ30: =IFERROR(INDIRECT("'Bloque "&AC41&" Semana "&AC40&"'"&"!"&"AK17"),"") | ... EC30: =IFERROR(INDIRECT("'Bloque "&AV41&" Semana "&AV40&"'"&"!"&"AK17"),"")
V31: =TEXT(V32,"mmmm") -> julio | W31: =TEXT(W32,"mmmm") -> agosto | X31: =TEXT(X32,"mmmm") -> agosto | Y31: =TEXT(Y32,"mmmm") -> agosto | Z31: =TEXT(Z32,"mmmm") -> agosto | AA31: =TEXT(AA32,"mmmm") -> septiembre | AB31: =TEXT(AB32,"mmmm") -> septiembre | AC31: =TEXT(AC32,"mmmm") -> septiembre | ... AV31: =TEXT(AV32,"mmmm") -> enero | CA31: REC | CB31: =IFERROR(INDIRECT("'Bloque "&V24&" Semana "&V23&"'"&"!"&"BM16"),"") | CC31: =IFERROR(INDIRECT("'Bloque "&W24&" Semana "&W23&"'"&"!"&"BM16"),"") | CD31: =IFERROR(INDIRECT("'Bloque "&X24&" Semana "&X23&"'"&"!"&"BM16"),"") | CE31: =IFERROR(INDIRECT("'Bloque "&Y24&" Semana "&Y23&"'"&"!"&"BM16"),"") | CF31: =IFERROR(INDIRECT("'Bloque "&Z24&" Semana "&Z23&"'"&"!"&"BM16"),"") | CG31: =IFERROR(INDIRECT("'Bloque "&AA24&" Semana "&AA23&"'"&"!"&"BM16"),"") | CH31: =IFERROR(INDIRECT("'Bloque "&AB24&" Semana "&AB23&"'"&"!"&"BM16"),"") | CI31: =IFERROR(INDIRECT("'Bloque "&AC24&" Semana "&AC23&"'"&"!"&"BM16"),"") | ... DB31: =IFERROR(INDIRECT("'Bloque "&AV24&" Semana "&AV23&"'"&"!"&"BM16"),"") | DC31: =IFERROR(INDIRECT("'Bloque "&V41&" Semana "&V40&"'"&"!"&"BM16"),"") | DD31: =IFERROR(INDIRECT("'Bloque "&W41&" Semana "&W40&"'"&"!"&"BM16"),"") | DE31: =IFERROR(INDIRECT("'Bloque "&X41&" Semana "&X40&"'"&"!"&"BM16"),"") | DF31: =IFERROR(INDIRECT("'Bloque "&Y41&" Semana "&Y40&"'"&"!"&"BM16"),"") | DG31: =IFERROR(INDIRECT("'Bloque "&Z41&" Semana "&Z40&"'"&"!"&"BM16"),"") | DH31: =IFERROR(INDIRECT("'Bloque "&AA41&" Semana "&AA40&"'"&"!"&"BM16"),"") | DI31: =IFERROR(INDIRECT("'Bloque "&AB41&" Semana "&AB40&"'"&"!"&"BM16"),"") | DJ31: =IFERROR(INDIRECT("'Bloque "&AC41&" Semana "&AC40&"'"&"!"&"BM16"),"") | ... EC31: =IFERROR(INDIRECT("'Bloque "&AV41&" Semana "&AV40&"'"&"!"&"BM16"),"")
U32: =TEXT($U$13,"dddd") -> lunes | V32: =AV15+7 -> 45502 | W32: =V32+7 -> 45509 | X32: =W32+7 -> 45516 | Y32: =X32+7 -> 45523 | Z32: =Y32+7 -> 45530 | AA32: =Z32+7 -> 45537 | AB32: =AA32+7 -> 45544 | AC32: =AB32+7 -> 45551 | AD32: =AC32+7 -> 45558 | ... AV32: =AU32+7 -> 45684 | CA32: sRPE | CB32: =IFERROR(INDIRECT("'Bloque "&V24&" Semana "&V23&"'"&"!"&"BI16"),"") | CC32: =IFERROR(INDIRECT("'Bloque "&W24&" Semana "&W23&"'"&"!"&"BI16"),"") | CD32: =IFERROR(INDIRECT("'Bloque "&X24&" Semana "&X23&"'"&"!"&"BI16"),"") | CE32: =IFERROR(INDIRECT("'Bloque "&Y24&" Semana "&Y23&"'"&"!"&"BI16"),"") | CF32: =IFERROR(INDIRECT("'Bloque "&Z24&" Semana "&Z23&"'"&"!"&"BI16"),"") | CG32: =IFERROR(INDIRECT("'Bloque "&AA24&" Semana "&AA23&"'"&"!"&"BI16"),"") | CH32: =IFERROR(INDIRECT("'Bloque "&AB24&" Semana "&AB23&"'"&"!"&"BI16"),"") | CI32: =IFERROR(INDIRECT("'Bloque "&AC24&" Semana "&AC23&"'"&"!"&"BI16"),"") | ... DB32: =IFERROR(INDIRECT("'Bloque "&AV24&" Semana "&AV23&"'"&"!"&"BI16"),"") | DC32: =IFERROR(INDIRECT("'Bloque "&V41&" Semana "&V40&"'"&"!"&"BI16"),"") | DD32: =IFERROR(INDIRECT("'Bloque "&W41&" Semana "&W40&"'"&"!"&"BI16"),"") | DE32: =IFERROR(INDIRECT("'Bloque "&X41&" Semana "&X40&"'"&"!"&"BI16"),"") | DF32: =IFERROR(INDIRECT("'Bloque "&Y41&" Semana "&Y40&"'"&"!"&"BI16"),"") | DG32: =IFERROR(INDIRECT("'Bloque "&Z41&" Semana "&Z40&"'"&"!"&"BI16"),"") | DH32: =IFERROR(INDIRECT("'Bloque "&AA41&" Semana "&AA40&"'"&"!"&"BI16"),"") | DI32: =IFERROR(INDIRECT("'Bloque "&AB41&" Semana "&AB40&"'"&"!"&"BI16"),"") | DJ32: =IFERROR(INDIRECT("'Bloque "&AC41&" Semana "&AC40&"'"&"!"&"BI16"),"") | ... EC32: =IFERROR(INDIRECT("'Bloque "&AV41&" Semana "&AV40&"'"&"!"&"BI16"),"")
U33: =TEXT($U$13+1,"dddd") -> martes | V33: =V32+1 -> 45503 | W33: =W32+1 -> 45510 | X33: =X32+1 -> 45517 | Y33: =Y32+1 -> 45524 | Z33: =Z32+1 -> 45531 | AA33: =AA32+1 -> 45538 | AB33: =AB32+1 -> 45545 | AC33: =AC32+1 -> 45552 | ... AV33: =AV32+1 -> 45685
U34: =TEXT($U$13+2,"dddd") -> miércoles | V34: =V33+1 -> 45504 | W34: =W33+1 -> 45511 | X34: =X33+1 -> 45518 | Y34: =Y33+1 -> 45525 | Z34: =Z33+1 -> 45532 | AA34: =AA33+1 -> 45539 | AB34: =AB33+1 -> 45546 | AC34: =AC33+1 -> 45553 | ... AV34: =AV33+1 -> 45686
U35: =TEXT($U$13+3,"dddd") -> jueves | V35: =V34+1 -> 45505 | W35: =W34+1 -> 45512 | X35: =X34+1 -> 45519 | Y35: =Y34+1 -> 45526 | Z35: =Z34+1 -> 45533 | AA35: =AA34+1 -> 45540 | AB35: =AB34+1 -> 45547 | AC35: =AC34+1 -> 45554 | ... AV35: =AV34+1 -> 45687 | CA35: TONELAJE
U36: =TEXT($U$13+4,"dddd") -> viernes | V36: =V35+1 -> 45506 | W36: =W35+1 -> 45513 | X36: =X35+1 -> 45520 | Y36: =Y35+1 -> 45527 | Z36: =Z35+1 -> 45534 | AA36: =AA35+1 -> 45541 | AB36: =AB35+1 -> 45548 | AC36: =AC35+1 -> 45555 | ... AV36: =AV35+1 -> 45688 | CB36: S1 | CC36: S2 | CD36: S3 | CE36: S4 | CF36: S5 | CG36: S6 | CH36: S7 | CI36: S8 | CJ36: S9 | CK36: S10 | CL36: S11 | CM36: S12 | CN36: S13 | CO36: S14 | CP36: S15 | CQ36: S16 | CR36: S17 | CS36: S18 | CT36: S19 | CU36: S20 | CV36: S21 | CW36: S22 | CX36: S23 | CY36: S24 | CZ36: S25 | DA36: S26 | DB36: S27 | DC36: S28 | DD36: S29 | DE36: S30 | DF36: S31 | DG36: S32 | DH36: S33 | DI36: S34 | DJ36: S35 | DK36: S36 | DL36: S37 | DM36: S38 | DN36: S39 | DO36: S40 | DP36: S41 | DQ36: S42 | DR36: S43 | DS36: S44 | DT36: S45 | DU36: S46 | DV36: S47 | DW36: S48 | DX36: S49 | DY36: S50 | DZ36: S51 | EA36: S52 | EB36: S53 | EC36: S54
U37: =TEXT($U$13+5,"dddd") -> sábado | V37: =V36+1 -> 45507 | W37: =W36+1 -> 45514 | X37: =X36+1 -> 45521 | Y37: =Y36+1 -> 45528 | Z37: =Z36+1 -> 45535 | AA37: =AA36+1 -> 45542 | AB37: =AB36+1 -> 45549 | AC37: =AC36+1 -> 45556 | ... AV37: =AV36+1 -> 45689 | CA37: SQ | CB37: =IFERROR(INDIRECT("'Bloque "&V24&" Semana "&V23&"'"&"!"&"CC15"),"") | CC37: =IFERROR(INDIRECT("'Bloque "&W24&" Semana "&W23&"'"&"!"&"CC15"),"") | CD37: =IFERROR(INDIRECT("'Bloque "&X24&" Semana "&X23&"'"&"!"&"CC15"),"") | CE37: =IFERROR(INDIRECT("'Bloque "&Y24&" Semana "&Y23&"'"&"!"&"CC15"),"") | CF37: =IFERROR(INDIRECT("'Bloque "&Z24&" Semana "&Z23&"'"&"!"&"CC15"),"") | CG37: =IFERROR(INDIRECT("'Bloque "&AA24&" Semana "&AA23&"'"&"!"&"CC15"),"") | CH37: =IFERROR(INDIRECT("'Bloque "&AB24&" Semana "&AB23&"'"&"!"&"CC15"),"") | CI37: =IFERROR(INDIRECT("'Bloque "&AC24&" Semana "&AC23&"'"&"!"&"CC15"),"") | ... DB37: =IFERROR(INDIRECT("'Bloque "&AV24&" Semana "&AV23&"'"&"!"&"CC15"),"") | DC37: =IFERROR(INDIRECT("'Bloque "&V41&" Semana "&V40&"'"&"!"&"CC15"),"") | DD37: =IFERROR(INDIRECT("'Bloque "&W41&" Semana "&W40&"'"&"!"&"CC15"),"") | DE37: =IFERROR(INDIRECT("'Bloque "&X41&" Semana "&X40&"'"&"!"&"CC15"),"") | DF37: =IFERROR(INDIRECT("'Bloque "&Y41&" Semana "&Y40&"'"&"!"&"CC15"),"") | DG37: =IFERROR(INDIRECT("'Bloque "&Z41&" Semana "&Z40&"'"&"!"&"CC15"),"") | DH37: =IFERROR(INDIRECT("'Bloque "&AA41&" Semana "&AA40&"'"&"!"&"CC15"),"") | DI37: =IFERROR(INDIRECT("'Bloque "&AB41&" Semana "&AB40&"'"&"!"&"CC15"),"") | DJ37: =IFERROR(INDIRECT("'Bloque "&AC41&" Semana "&AC40&"'"&"!"&"CC15"),"") | ... EC37: =IFERROR(INDIRECT("'Bloque "&AV41&" Semana "&AV40&"'"&"!"&"CC15"),"")
U38: =TEXT($U$13+6,"dddd") -> domingo | V38: =V37+1 -> 45508 | W38: =W37+1 -> 45515 | X38: =X37+1 -> 45522 | Y38: =Y37+1 -> 45529 | Z38: =Z37+1 -> 45536 | AA38: =AA37+1 -> 45543 | AB38: =AB37+1 -> 45550 | AC38: =AC37+1 -> 45557 | ... AV38: =AV37+1 -> 45690 | CA38: BP | CB38: =IFERROR(INDIRECT("'Bloque "&V24&" Semana "&V23&"'"&"!"&"CC16"),"") | CC38: =IFERROR(INDIRECT("'Bloque "&W24&" Semana "&W23&"'"&"!"&"CC16"),"") | CD38: =IFERROR(INDIRECT("'Bloque "&X24&" Semana "&X23&"'"&"!"&"CC16"),"") | CE38: =IFERROR(INDIRECT("'Bloque "&Y24&" Semana "&Y23&"'"&"!"&"CC16"),"") | CF38: =IFERROR(INDIRECT("'Bloque "&Z24&" Semana "&Z23&"'"&"!"&"CC16"),"") | CG38: =IFERROR(INDIRECT("'Bloque "&AA24&" Semana "&AA23&"'"&"!"&"CC16"),"") | CH38: =IFERROR(INDIRECT("'Bloque "&AB24&" Semana "&AB23&"'"&"!"&"CC16"),"") | CI38: =IFERROR(INDIRECT("'Bloque "&AC24&" Semana "&AC23&"'"&"!"&"CC16"),"") | ... DB38: =IFERROR(INDIRECT("'Bloque "&AV24&" Semana "&AV23&"'"&"!"&"CC16"),"") | DC38: =IFERROR(INDIRECT("'Bloque "&V41&" Semana "&V40&"'"&"!"&"CC16"),"") | DD38: =IFERROR(INDIRECT("'Bloque "&W41&" Semana "&W40&"'"&"!"&"CC16"),"") | DE38: =IFERROR(INDIRECT("'Bloque "&X41&" Semana "&X40&"'"&"!"&"CC16"),"") | DF38: =IFERROR(INDIRECT("'Bloque "&Y41&" Semana "&Y40&"'"&"!"&"CC16"),"") | DG38: =IFERROR(INDIRECT("'Bloque "&Z41&" Semana "&Z40&"'"&"!"&"CC16"),"") | DH38: =IFERROR(INDIRECT("'Bloque "&AA41&" Semana "&AA40&"'"&"!"&"CC16"),"") | DI38: =IFERROR(INDIRECT("'Bloque "&AB41&" Semana "&AB40&"'"&"!"&"CC16"),"") | DJ38: =IFERROR(INDIRECT("'Bloque "&AC41&" Semana "&AC40&"'"&"!"&"CC16"),"") | ... EC38: =IFERROR(INDIRECT("'Bloque "&AV41&" Semana "&AV40&"'"&"!"&"CC16"),"")
U39: Observaciones | CA39: DL | CB39: =IFERROR(INDIRECT("'Bloque "&V24&" Semana "&V23&"'"&"!"&"CC17"),"") | CC39: =IFERROR(INDIRECT("'Bloque "&W24&" Semana "&W23&"'"&"!"&"CC17"),"") | CD39: =IFERROR(INDIRECT("'Bloque "&X24&" Semana "&X23&"'"&"!"&"CC17"),"") | CE39: =IFERROR(INDIRECT("'Bloque "&Y24&" Semana "&Y23&"'"&"!"&"CC17"),"") | CF39: =IFERROR(INDIRECT("'Bloque "&Z24&" Semana "&Z23&"'"&"!"&"CC17"),"") | CG39: =IFERROR(INDIRECT("'Bloque "&AA24&" Semana "&AA23&"'"&"!"&"CC17"),"") | CH39: =IFERROR(INDIRECT("'Bloque "&AB24&" Semana "&AB23&"'"&"!"&"CC17"),"") | CI39: =IFERROR(INDIRECT("'Bloque "&AC24&" Semana "&AC23&"'"&"!"&"CC17"),"") | ... DB39: =IFERROR(INDIRECT("'Bloque "&AV24&" Semana "&AV23&"'"&"!"&"CC17"),"") | DC39: =IFERROR(INDIRECT("'Bloque "&V41&" Semana "&V40&"'"&"!"&"CC17"),"") | DD39: =IFERROR(INDIRECT("'Bloque "&W41&" Semana "&W40&"'"&"!"&"CC17"),"") | DE39: =IFERROR(INDIRECT("'Bloque "&X41&" Semana "&X40&"'"&"!"&"CC17"),"") | DF39: =IFERROR(INDIRECT("'Bloque "&Y41&" Semana "&Y40&"'"&"!"&"CC17"),"") | DG39: =IFERROR(INDIRECT("'Bloque "&Z41&" Semana "&Z40&"'"&"!"&"CC17"),"") | DH39: =IFERROR(INDIRECT("'Bloque "&AA41&" Semana "&AA40&"'"&"!"&"CC17"),"") | DI39: =IFERROR(INDIRECT("'Bloque "&AB41&" Semana "&AB40&"'"&"!"&"CC17"),"") | DJ39: =IFERROR(INDIRECT("'Bloque "&AC41&" Semana "&AC40&"'"&"!"&"CC17"),"") | ... EC39: =IFERROR(INDIRECT("'Bloque "&AV41&" Semana "&AV40&"'"&"!"&"CC17"),"")
U40: Nº Microciclo
U41: Nº Bloque | CA41: TONELAJE VS I.M.R.
U42: Tipo de bloque | CA42: SQ | CB42: S1 | CC42: S2 | CD42: S3 | CE42: S4 | CF42: S5 | CG42: S6 | CH42: S7 | CI42: S8 | CJ42: S9 | CK42: S10 | CL42: S11 | CM42: S12 | CN42: S13 | CO42: S14 | CP42: S15 | CQ42: S16 | CR42: S17 | CS42: S18 | CT42: S19 | CU42: S20 | CV42: S21 | CW42: S22 | CX42: S23 | CY42: S24 | CZ42: S25 | DA42: S26 | DB42: S27 | DC42: S28 | DD42: S29 | DE42: S30 | DF42: S31 | DG42: S32 | DH42: S33 | DI42: S34 | DJ42: S35 | DK42: S36 | DL42: S37 | DM42: S38 | DN42: S39 | DO42: S40 | DP42: S41 | DQ42: S42 | DR42: S43 | DS42: S44 | DT42: S45 | DU42: S46 | DV42: S47 | DW42: S48 | DX42: S49 | DY42: S50 | DZ42: S51 | EA42: S52 | EB42: S53 | EC42: S54
U43: Fase | CA43: TONN | CB43: =IFERROR(INDIRECT("'Bloque "&V24&" Semana "&V23&"'"&"!"&"CC15"),"") | CC43: =IFERROR(INDIRECT("'Bloque "&W24&" Semana "&W23&"'"&"!"&"CC15"),"") | CD43: =IFERROR(INDIRECT("'Bloque "&X24&" Semana "&X23&"'"&"!"&"CC15"),"") | CE43: =IFERROR(INDIRECT("'Bloque "&Y24&" Semana "&Y23&"'"&"!"&"CC15"),"") | CF43: =IFERROR(INDIRECT("'Bloque "&Z24&" Semana "&Z23&"'"&"!"&"CC15"),"") | CG43: =IFERROR(INDIRECT("'Bloque "&AA24&" Semana "&AA23&"'"&"!"&"CC15"),"") | CH43: =IFERROR(INDIRECT("'Bloque "&AB24&" Semana "&AB23&"'"&"!"&"CC15"),"") | CI43: =IFERROR(INDIRECT("'Bloque "&AC24&" Semana "&AC23&"'"&"!"&"CC15"),"") | ... DB43: =IFERROR(INDIRECT("'Bloque "&AV24&" Semana "&AV23&"'"&"!"&"CC15"),"") | DC43: =IFERROR(INDIRECT("'Bloque "&V41&" Semana "&V40&"'"&"!"&"CC15"),"") | DD43: =IFERROR(INDIRECT("'Bloque "&W41&" Semana "&W40&"'"&"!"&"CC15"),"") | DE43: =IFERROR(INDIRECT("'Bloque "&X41&" Semana "&X40&"'"&"!"&"CC15"),"") | DF43: =IFERROR(INDIRECT("'Bloque "&Y41&" Semana "&Y40&"'"&"!"&"CC15"),"") | DG43: =IFERROR(INDIRECT("'Bloque "&Z41&" Semana "&Z40&"'"&"!"&"CC15"),"") | DH43: =IFERROR(INDIRECT("'Bloque "&AA41&" Semana "&AA40&"'"&"!"&"CC15"),"") | DI43: =IFERROR(INDIRECT("'Bloque "&AB41&" Semana "&AB40&"'"&"!"&"CC15"),"") | DJ43: =IFERROR(INDIRECT("'Bloque "&AC41&" Semana "&AC40&"'"&"!"&"CC15"),"") | ... EC43: =IFERROR(INDIRECT("'Bloque "&AV41&" Semana "&AV40&"'"&"!"&"CC15"),"")
CA44: I.M.R | CB44: =IFERROR(INDIRECT("'Bloque "&V24&" Semana "&V23&"'"&"!"&"CD15"),"") | CC44: =IFERROR(INDIRECT("'Bloque "&W24&" Semana "&W23&"'"&"!"&"CD15"),"") | CD44: =IFERROR(INDIRECT("'Bloque "&X24&" Semana "&X23&"'"&"!"&"CD15"),"") | CE44: =IFERROR(INDIRECT("'Bloque "&Y24&" Semana "&Y23&"'"&"!"&"CD15"),"") | CF44: =IFERROR(INDIRECT("'Bloque "&Z24&" Semana "&Z23&"'"&"!"&"CD15"),"") | CG44: =IFERROR(INDIRECT("'Bloque "&AA24&" Semana "&AA23&"'"&"!"&"CD15"),"") | CH44: =IFERROR(INDIRECT("'Bloque "&AB24&" Semana "&AB23&"'"&"!"&"CD15"),"") | CI44: =IFERROR(INDIRECT("'Bloque "&AC24&" Semana "&AC23&"'"&"!"&"CD15"),"") | ... DB44: =IFERROR(INDIRECT("'Bloque "&AV24&" Semana "&AV23&"'"&"!"&"CD15"),"") | DC44: =IFERROR(INDIRECT("'Bloque "&V41&" Semana "&V40&"'"&"!"&"CD15"),"") | DD44: =IFERROR(INDIRECT("'Bloque "&W41&" Semana "&W40&"'"&"!"&"CD15"),"") | DE44: =IFERROR(INDIRECT("'Bloque "&X41&" Semana "&X40&"'"&"!"&"CD15"),"") | DF44: =IFERROR(INDIRECT("'Bloque "&Y41&" Semana "&Y40&"'"&"!"&"CD15"),"") | DG44: =IFERROR(INDIRECT("'Bloque "&Z41&" Semana "&Z40&"'"&"!"&"CD15"),"") | DH44: =IFERROR(INDIRECT("'Bloque "&AA41&" Semana "&AA40&"'"&"!"&"CD15"),"") | DI44: =IFERROR(INDIRECT("'Bloque "&AB41&" Semana "&AB40&"'"&"!"&"CD15"),"") | DJ44: =IFERROR(INDIRECT("'Bloque "&AC41&" Semana "&AC40&"'"&"!"&"CD15"),"") | ... EC44: =IFERROR(INDIRECT("'Bloque "&AV41&" Semana "&AV40&"'"&"!"&"CD15"),"")
S45: SEMANAS DEL AÑO
CA46: TONELAJE VS I.M.R.
X47: E | Y47: F | Z47: k | AA47: N | AB47: R | AC47: S | AD47: T | AF47: E | AG47: F | AH47: K | AI47: N | AJ47: R | AK47: S | AL47: T | AN47: E | AO47: F | AP47: K | AQ47: N | AR47: R | AS47: S | AT47: T | CA47: BP | CB47: S1 | CC47: S2 | CD47: S3 | CE47: S4 | CF47: S5 | CG47: S6 | CH47: S7 | CI47: S8 | CJ47: S9 | CK47: S10 | CL47: S11 | CM47: S12 | CN47: S13 | CO47: S14 | CP47: S15 | CQ47: S16 | CR47: S17 | CS47: S18 | CT47: S19 | CU47: S20 | CV47: S21 | CW47: S22 | CX47: S23 | CY47: S24 | CZ47: S25 | DA47: S26 | DB47: S27 | DC47: S28 | DD47: S29 | DE47: S30 | DF47: S31 | DG47: S32 | DH47: S33 | DI47: S34 | DJ47: S35 | DK47: S36 | DL47: S37 | DM47: S38 | DN47: S39 | DO47: S40 | DP47: S41 | DQ47: S42 | DR47: S43 | DS47: S44 | DT47: S45 | DU47: S46 | DV47: S47 | DW47: S48 | DX47: S49 | DY47: S50 | DZ47: S51 | EA47: S52 | EB47: S53 | EC47: S54
X48: {=IFERROR(INDIRECT("'Bloque "&$V$24&" Semana "&$V$23&"'"&"!"&"E37"),"")} | AE48: 26 | AF48: {=IFERROR(INDIRECT("'Bloque "&W24&" Semana "&W23&"'"&"!"&"E37"),"")} | AM48: 26 | AN48: {=IFERROR(INDIRECT("'Bloque "&X24&" Semana "&X23&"'"&"!"&"E37"),"")} | AU48: 26 | CA48: TONN | CB48: =IFERROR(INDIRECT("'Bloque "&V24&" Semana "&V23&"'"&"!"&"CC16"),"") | CC48: =IFERROR(INDIRECT("'Bloque "&W24&" Semana "&W23&"'"&"!"&"CC16"),"") | CD48: =IFERROR(INDIRECT("'Bloque "&X24&" Semana "&X23&"'"&"!"&"CC16"),"") | CE48: =IFERROR(INDIRECT("'Bloque "&Y24&" Semana "&Y23&"'"&"!"&"CC16"),"") | CF48: =IFERROR(INDIRECT("'Bloque "&Z24&" Semana "&Z23&"'"&"!"&"CC16"),"") | CG48: =IFERROR(INDIRECT("'Bloque "&AA24&" Semana "&AA23&"'"&"!"&"CC16"),"") | CH48: =IFERROR(INDIRECT("'Bloque "&AB24&" Semana "&AB23&"'"&"!"&"CC16"),"") | CI48: =IFERROR(INDIRECT("'Bloque "&AC24&" Semana "&AC23&"'"&"!"&"CC16"),"") | ... DB48: =IFERROR(INDIRECT("'Bloque "&AV24&" Semana "&AV23&"'"&"!"&"CC16"),"") | DC48: =IFERROR(INDIRECT("'Bloque "&V41&" Semana "&V40&"'"&"!"&"CC16"),"") | DD48: =IFERROR(INDIRECT("'Bloque "&W41&" Semana "&W40&"'"&"!"&"CC16"),"") | DE48: =IFERROR(INDIRECT("'Bloque "&X41&" Semana "&X40&"'"&"!"&"CC16"),"") | DF48: =IFERROR(INDIRECT("'Bloque "&Y41&" Semana "&Y40&"'"&"!"&"CC16"),"") | DG48: =IFERROR(INDIRECT("'Bloque "&Z41&" Semana "&Z40&"'"&"!"&"CC16"),"") | DH48: =IFERROR(INDIRECT("'Bloque "&AA41&" Semana "&AA40&"'"&"!"&"CC16"),"") | DI48: =IFERROR(INDIRECT("'Bloque "&AB41&" Semana "&AB40&"'"&"!"&"CC16"),"") | DJ48: =IFERROR(INDIRECT("'Bloque "&AC41&" Semana "&AC40&"'"&"!"&"CC16"),"") | ... EC48: =IFERROR(INDIRECT("'Bloque "&AV41&" Semana "&AV40&"'"&"!"&"CC16"),"")
X49: {=IFERROR(INDIRECT("'Bloque "&$V$24&" Semana "&$V$23&"'"&"!"&"E25"),"")} | AE49: 25 | AF49: {=IFERROR(INDIRECT("'Bloque "&W24&" Semana "&W23&"'"&"!"&"E25"),"")} | AM49: 25 | AN49: {=IFERROR(INDIRECT("'Bloque "&X24&" Semana "&X23&"'"&"!"&"E25"),"")} | AU49: 25 | CA49: I.M.R | CB49: =IFERROR(INDIRECT("'Bloque "&V24&" Semana "&V23&"'"&"!"&"CD16"),"") | CC49: =IFERROR(INDIRECT("'Bloque "&W24&" Semana "&W23&"'"&"!"&"CD16"),"") | CD49: =IFERROR(INDIRECT("'Bloque "&X24&" Semana "&X23&"'"&"!"&"CD16"),"") | CE49: =IFERROR(INDIRECT("'Bloque "&Y24&" Semana "&Y23&"'"&"!"&"CD16"),"") | CF49: =IFERROR(INDIRECT("'Bloque "&Z24&" Semana "&Z23&"'"&"!"&"CD16"),"") | CG49: =IFERROR(INDIRECT("'Bloque "&AA24&" Semana "&AA23&"'"&"!"&"CD16"),"") | CH49: =IFERROR(INDIRECT("'Bloque "&AB24&" Semana "&AB23&"'"&"!"&"CD16"),"") | CI49: =IFERROR(INDIRECT("'Bloque "&AC24&" Semana "&AC23&"'"&"!"&"CD16"),"") | ... DB49: =IFERROR(INDIRECT("'Bloque "&AV24&" Semana "&AV23&"'"&"!"&"CD16"),"") | DC49: =IFERROR(INDIRECT("'Bloque "&V41&" Semana "&V40&"'"&"!"&"CD16"),"") | DD49: =IFERROR(INDIRECT("'Bloque "&W41&" Semana "&W40&"'"&"!"&"CD16"),"") | DE49: =IFERROR(INDIRECT("'Bloque "&X41&" Semana "&X40&"'"&"!"&"CD16"),"") | DF49: =IFERROR(INDIRECT("'Bloque "&Y41&" Semana "&Y40&"'"&"!"&"CD16"),"") | DG49: =IFERROR(INDIRECT("'Bloque "&Z41&" Semana "&Z40&"'"&"!"&"CD16"),"") | DH49: =IFERROR(INDIRECT("'Bloque "&AA41&" Semana "&AA40&"'"&"!"&"CD16"),"") | DI49: =IFERROR(INDIRECT("'Bloque "&AB41&" Semana "&AB40&"'"&"!"&"CD16"),"") | DJ49: =IFERROR(INDIRECT("'Bloque "&AC41&" Semana "&AC40&"'"&"!"&"CD16"),"") | ... EC49: =IFERROR(INDIRECT("'Bloque "&AV41&" Semana "&AV40&"'"&"!"&"CD16"),"")
X50: {=IFERROR(INDIRECT("'Bloque "&$V$24&" Semana "&$V$23&"'"&"!"&"E26"),"")} | AE50: 26 | AF50: {=IFERROR(INDIRECT("'Bloque "&W24&" Semana "&W23&"'"&"!"&"E26"),"")} | AM50: 26 | AN50: {=IFERROR(INDIRECT("'Bloque "&X24&" Semana "&X23&"'"&"!"&"E26"),"")} | AU50: 26
X51: =IFERROR(INDIRECT("'Bloque "&$V$24&" Semana "&$V$23&"'"&"!"&X$47&$AE51),"") | Y51: =IFERROR(INDIRECT("'Bloque "&$V$24&" Semana "&$V$23&"'"&"!"&Y$47&$AE51),"") | Z51: =IFERROR(INDIRECT("'Bloque "&$V$24&" Semana "&$V$23&"'"&"!"&Z$47&$AE51),"") | AA51: =IFERROR(INDIRECT("'Bloque "&$V$24&" Semana "&$V$23&"'"&"!"&AA$47&$AE51),"") | AB51: =IFERROR(INDIRECT("'Bloque "&$V$24&" Semana "&$V$23&"'"&"!"&AB$47&$AE51),"") | AC51: =IFERROR(INDIRECT("'Bloque "&$V$24&" Semana "&$V$23&"'"&"!"&AC$47&$AE51),"") | AD51: =IFERROR(INDIRECT("'Bloque "&$V$24&" Semana "&$V$23&"'"&"!"&AD$47&$AE51),"") | AE51: 27 | AF51: =IFERROR(INDIRECT("'Bloque "&$W$24&" Semana "&$W$23&"'"&"!"&AF$47&$AM51),"") | AG51: =IFERROR(INDIRECT("'Bloque "&$W$24&" Semana "&$W$23&"'"&"!"&AG$47&$AM51),"") | AH51: =IFERROR(INDIRECT("'Bloque "&$W$24&" Semana "&$W$23&"'"&"!"&AH$47&$AM51),"") | AI51: =IFERROR(INDIRECT("'Bloque "&$W$24&" Semana "&$W$23&"'"&"!"&AI$47&$AM51),"") | AJ51: =IFERROR(INDIRECT("'Bloque "&$W$24&" Semana "&$W$23&"'"&"!"&AJ$47&$AM51),"") | AK51: =IFERROR(INDIRECT("'Bloque "&$W$24&" Semana "&$W$23&"'"&"!"&AK$47&$AM51),"") | AL51: =IFERROR(INDIRECT("'Bloque "&$W$24&" Semana "&$W$23&"'"&"!"&AL$47&$AM51),"") | AM51: 27 | AN51: =IFERROR(INDIRECT("'Bloque "&$X$24&" Semana "&$X$23&"'"&"!"&AN$47&$AU51),"") | AO51: =IFERROR(INDIRECT("'Bloque "&$X$24&" Semana "&$X$23&"'"&"!"&AO$47&$AU51),"") | AP51: =IFERROR(INDIRECT("'Bloque "&$X$24&" Semana "&$X$23&"'"&"!"&AP$47&$AU51),"") | AQ51: =IFERROR(INDIRECT("'Bloque "&$X$24&" Semana "&$X$23&"'"&"!"&AQ$47&$AU51),"") | AR51: =IFERROR(INDIRECT("'Bloque "&$X$24&" Semana "&$X$23&"'"&"!"&AR$47&$AU51),"") | AS51: =IFERROR(INDIRECT("'Bloque "&$X$24&" Semana "&$X$23&"'"&"!"&AS$47&$AU51),"") | AT51: =IFERROR(INDIRECT("'Bloque "&$X$24&" Semana "&$X$23&"'"&"!"&AT$47&$AU51),"") | AU51: 27 | CA51: TONELAJE VS I.M.R.
X52: =IFERROR(INDIRECT("'Bloque "&$V$24&" Semana "&$V$23&"'"&"!"&X$47&$AE52),"") | Y52: =IFERROR(INDIRECT("'Bloque "&$V$24&" Semana "&$V$23&"'"&"!"&Y$47&$AE52),"") | Z52: =IFERROR(INDIRECT("'Bloque "&$V$24&" Semana "&$V$23&"'"&"!"&Z$47&$AE52),"") | AA52: =IFERROR(INDIRECT("'Bloque "&$V$24&" Semana "&$V$23&"'"&"!"&AA$47&$AE52),"") | AB52: =IFERROR(INDIRECT("'Bloque "&$V$24&" Semana "&$V$23&"'"&"!"&AB$47&$AE52),"") | AC52: =IFERROR(INDIRECT("'Bloque "&$V$24&" Semana "&$V$23&"'"&"!"&AC$47&$AE52),"") | AD52: =IFERROR(INDIRECT("'Bloque "&$V$24&" Semana "&$V$23&"'"&"!"&AD$47&$AE52),"") | AE52: 28 | AF52: =IFERROR(INDIRECT("'Bloque "&$W$24&" Semana "&$W$23&"'"&"!"&AF$47&$AM52),"") | AG52: =IFERROR(INDIRECT("'Bloque "&$W$24&" Semana "&$W$23&"'"&"!"&AG$47&$AM52),"") | AH52: =IFERROR(INDIRECT("'Bloque "&$W$24&" Semana "&$W$23&"'"&"!"&AH$47&$AM52),"") | AI52: =IFERROR(INDIRECT("'Bloque "&$W$24&" Semana "&$W$23&"'"&"!"&AI$47&$AM52),"") | AJ52: =IFERROR(INDIRECT("'Bloque "&$W$24&" Semana "&$W$23&"'"&"!"&AJ$47&$AM52),"") | AK52: =IFERROR(INDIRECT("'Bloque "&$W$24&" Semana "&$W$23&"'"&"!"&AK$47&$AM52),"") | AL52: =IFERROR(INDIRECT("'Bloque "&$W$24&" Semana "&$W$23&"'"&"!"&AL$47&$AM52),"") | AM52: 28 | AN52: =IFERROR(INDIRECT("'Bloque "&$X$24&" Semana "&$X$23&"'"&"!"&AN$47&$AU52),"") | AO52: =IFERROR(INDIRECT("'Bloque "&$X$24&" Semana "&$X$23&"'"&"!"&AO$47&$AU52),"") | AP52: =IFERROR(INDIRECT("'Bloque "&$X$24&" Semana "&$X$23&"'"&"!"&AP$47&$AU52),"") | AQ52: =IFERROR(INDIRECT("'Bloque "&$X$24&" Semana "&$X$23&"'"&"!"&AQ$47&$AU52),"") | AR52: =IFERROR(INDIRECT("'Bloque "&$X$24&" Semana "&$X$23&"'"&"!"&AR$47&$AU52),"") | AS52: =IFERROR(INDIRECT("'Bloque "&$X$24&" Semana "&$X$23&"'"&"!"&AS$47&$AU52),"") | AT52: =IFERROR(INDIRECT("'Bloque "&$X$24&" Semana "&$X$23&"'"&"!"&AT$47&$AU52),"") | AU52: 28 | CA52: DL | CB52: S1 | CC52: S2 | CD52: S3 | CE52: S4 | CF52: S5 | CG52: S6 | CH52: S7 | CI52: S8 | CJ52: S9 | CK52: S10 | CL52: S11 | CM52: S12 | CN52: S13 | CO52: S14 | CP52: S15 | CQ52: S16 | CR52: S17 | CS52: S18 | CT52: S19 | CU52: S20 | CV52: S21 | CW52: S22 | CX52: S23 | CY52: S24 | CZ52: S25 | DA52: S26 | DB52: S27 | DC52: S28 | DD52: S29 | DE52: S30 | DF52: S31 | DG52: S32 | DH52: S33 | DI52: S34 | DJ52: S35 | DK52: S36 | DL52: S37 | DM52: S38 | DN52: S39 | DO52: S40 | DP52: S41 | DQ52: S42 | DR52: S43 | DS52: S44 | DT52: S45 | DU52: S46 | DV52: S47 | DW52: S48 | DX52: S49 | DY52: S50 | DZ52: S51 | EA52: S52 | EB52: S53 | EC52: S54
X53: =IFERROR(INDIRECT("'Bloque "&$V$24&" Semana "&$V$23&"'"&"!"&X$47&$AE53),"") | Y53: =IFERROR(INDIRECT("'Bloque "&$V$24&" Semana "&$V$23&"'"&"!"&Y$47&$AE53),"") | Z53: =IFERROR(INDIRECT("'Bloque "&$V$24&" Semana "&$V$23&"'"&"!"&Z$47&$AE53),"") | AA53: =IFERROR(INDIRECT("'Bloque "&$V$24&" Semana "&$V$23&"'"&"!"&AA$47&$AE53),"") | AB53: =IFERROR(INDIRECT("'Bloque "&$V$24&" Semana "&$V$23&"'"&"!"&AB$47&$AE53),"") | AC53: =IFERROR(INDIRECT("'Bloque "&$V$24&" Semana "&$V$23&"'"&"!"&AC$47&$AE53),"") | AD53: =IFERROR(INDIRECT("'Bloque "&$V$24&" Semana "&$V$23&"'"&"!"&AD$47&$AE53),"") | AE53: 29 | AF53: =IFERROR(INDIRECT("'Bloque "&$W$24&" Semana "&$W$23&"'"&"!"&AF$47&$AM53),"") | AG53: =IFERROR(INDIRECT("'Bloque "&$W$24&" Semana "&$W$23&"'"&"!"&AG$47&$AM53),"") | AH53: =IFERROR(INDIRECT("'Bloque "&$W$24&" Semana "&$W$23&"'"&"!"&AH$47&$AM53),"") | AI53: =IFERROR(INDIRECT("'Bloque "&$W$24&" Semana "&$W$23&"'"&"!"&AI$47&$AM53),"") | AJ53: =IFERROR(INDIRECT("'Bloque "&$W$24&" Semana "&$W$23&"'"&"!"&AJ$47&$AM53),"") | AK53: =IFERROR(INDIRECT("'Bloque "&$W$24&" Semana "&$W$23&"'"&"!"&AK$47&$AM53),"") | AL53: =IFERROR(INDIRECT("'Bloque "&$W$24&" Semana "&$W$23&"'"&"!"&AL$47&$AM53),"") | AM53: 29 | AN53: =IFERROR(INDIRECT("'Bloque "&$X$24&" Semana "&$X$23&"'"&"!"&AN$47&$AU53),"") | AO53: =IFERROR(INDIRECT("'Bloque "&$X$24&" Semana "&$X$23&"'"&"!"&AO$47&$AU53),"") | AP53: =IFERROR(INDIRECT("'Bloque "&$X$24&" Semana "&$X$23&"'"&"!"&AP$47&$AU53),"") | AQ53: =IFERROR(INDIRECT("'Bloque "&$X$24&" Semana "&$X$23&"'"&"!"&AQ$47&$AU53),"") | AR53: =IFERROR(INDIRECT("'Bloque "&$X$24&" Semana "&$X$23&"'"&"!"&AR$47&$AU53),"") | AS53: =IFERROR(INDIRECT("'Bloque "&$X$24&" Semana "&$X$23&"'"&"!"&AS$47&$AU53),"") | AT53: =IFERROR(INDIRECT("'Bloque "&$X$24&" Semana "&$X$23&"'"&"!"&AT$47&$AU53),"") | AU53: 29 | CA53: TONN | CB53: =IFERROR(INDIRECT("'Bloque "&V24&" Semana "&V23&"'"&"!"&"CC17"),"") | CC53: =IFERROR(INDIRECT("'Bloque "&W24&" Semana "&W23&"'"&"!"&"CC17"),"") | CD53: =IFERROR(INDIRECT("'Bloque "&X24&" Semana "&X23&"'"&"!"&"CC17"),"") | CE53: =IFERROR(INDIRECT("'Bloque "&Y24&" Semana "&Y23&"'"&"!"&"CC17"),"") | CF53: =IFERROR(INDIRECT("'Bloque "&Z24&" Semana "&Z23&"'"&"!"&"CC17"),"") | CG53: =IFERROR(INDIRECT("'Bloque "&AA24&" Semana "&AA23&"'"&"!"&"CC17"),"") | CH53: =IFERROR(INDIRECT("'Bloque "&AB24&" Semana "&AB23&"'"&"!"&"CC17"),"") | CI53: =IFERROR(INDIRECT("'Bloque "&AC24&" Semana "&AC23&"'"&"!"&"CC17"),"") | ... DB53: =IFERROR(INDIRECT("'Bloque "&AV24&" Semana "&AV23&"'"&"!"&"CC17"),"") | DC53: =IFERROR(INDIRECT("'Bloque "&V41&" Semana "&V40&"'"&"!"&"CC17"),"") | DD53: =IFERROR(INDIRECT("'Bloque "&W41&" Semana "&W40&"'"&"!"&"CC17"),"") | DE53: =IFERROR(INDIRECT("'Bloque "&X41&" Semana "&X40&"'"&"!"&"CC17"),"") | DF53: =IFERROR(INDIRECT("'Bloque "&Y41&" Semana "&Y40&"'"&"!"&"CC17"),"") | DG53: =IFERROR(INDIRECT("'Bloque "&Z41&" Semana "&Z40&"'"&"!"&"CC17"),"") | DH53: =IFERROR(INDIRECT("'Bloque "&AA41&" Semana "&AA40&"'"&"!"&"CC17"),"") | DI53: =IFERROR(INDIRECT("'Bloque "&AB41&" Semana "&AB40&"'"&"!"&"CC17"),"") | DJ53: =IFERROR(INDIRECT("'Bloque "&AC41&" Semana "&AC40&"'"&"!"&"CC17"),"") | ... EC53: =IFERROR(INDIRECT("'Bloque "&AV41&" Semana "&AV40&"'"&"!"&"CC17"),"")
X54: =IFERROR(INDIRECT("'Bloque "&$V$24&" Semana "&$V$23&"'"&"!"&X$47&$AE54),"") | Y54: =IFERROR(INDIRECT("'Bloque "&$V$24&" Semana "&$V$23&"'"&"!"&Y$47&$AE54),"") | Z54: =IFERROR(INDIRECT("'Bloque "&$V$24&" Semana "&$V$23&"'"&"!"&Z$47&$AE54),"") | AA54: =IFERROR(INDIRECT("'Bloque "&$V$24&" Semana "&$V$23&"'"&"!"&AA$47&$AE54),"") | AB54: =IFERROR(INDIRECT("'Bloque "&$V$24&" Semana "&$V$23&"'"&"!"&AB$47&$AE54),"") | AC54: =IFERROR(INDIRECT("'Bloque "&$V$24&" Semana "&$V$23&"'"&"!"&AC$47&$AE54),"") | AD54: =IFERROR(INDIRECT("'Bloque "&$V$24&" Semana "&$V$23&"'"&"!"&AD$47&$AE54),"") | AE54: 30 | AF54: =IFERROR(INDIRECT("'Bloque "&$W$24&" Semana "&$W$23&"'"&"!"&AF$47&$AM54),"") | AG54: =IFERROR(INDIRECT("'Bloque "&$W$24&" Semana "&$W$23&"'"&"!"&AG$47&$AM54),"") | AH54: =IFERROR(INDIRECT("'Bloque "&$W$24&" Semana "&$W$23&"'"&"!"&AH$47&$AM54),"") | AI54: =IFERROR(INDIRECT("'Bloque "&$W$24&" Semana "&$W$23&"'"&"!"&AI$47&$AM54),"") | AJ54: =IFERROR(INDIRECT("'Bloque "&$W$24&" Semana "&$W$23&"'"&"!"&AJ$47&$AM54),"") | AK54: =IFERROR(INDIRECT("'Bloque "&$W$24&" Semana "&$W$23&"'"&"!"&AK$47&$AM54),"") | AL54: =IFERROR(INDIRECT("'Bloque "&$W$24&" Semana "&$W$23&"'"&"!"&AL$47&$AM54),"") | AM54: 30 | AN54: =IFERROR(INDIRECT("'Bloque "&$X$24&" Semana "&$X$23&"'"&"!"&AN$47&$AU54),"") | AO54: =IFERROR(INDIRECT("'Bloque "&$X$24&" Semana "&$X$23&"'"&"!"&AO$47&$AU54),"") | AP54: =IFERROR(INDIRECT("'Bloque "&$X$24&" Semana "&$X$23&"'"&"!"&AP$47&$AU54),"") | AQ54: =IFERROR(INDIRECT("'Bloque "&$X$24&" Semana "&$X$23&"'"&"!"&AQ$47&$AU54),"") | AR54: =IFERROR(INDIRECT("'Bloque "&$X$24&" Semana "&$X$23&"'"&"!"&AR$47&$AU54),"") | AS54: =IFERROR(INDIRECT("'Bloque "&$X$24&" Semana "&$X$23&"'"&"!"&AS$47&$AU54),"") | AT54: =IFERROR(INDIRECT("'Bloque "&$X$24&" Semana "&$X$23&"'"&"!"&AT$47&$AU54),"") | AU54: 30 | CA54: I.M.R | CB54: =IFERROR(INDIRECT("'Bloque "&V24&" Semana "&V23&"'"&"!"&"CD17"),"") | CC54: =IFERROR(INDIRECT("'Bloque "&W24&" Semana "&W23&"'"&"!"&"CD17"),"") | CD54: =IFERROR(INDIRECT("'Bloque "&X24&" Semana "&X23&"'"&"!"&"CD17"),"") | CE54: =IFERROR(INDIRECT("'Bloque "&Y24&" Semana "&Y23&"'"&"!"&"CD17"),"") | CF54: =IFERROR(INDIRECT("'Bloque "&Z24&" Semana "&Z23&"'"&"!"&"CD17"),"") | CG54: =IFERROR(INDIRECT("'Bloque "&AA24&" Semana "&AA23&"'"&"!"&"CD17"),"") | CH54: =IFERROR(INDIRECT("'Bloque "&AB24&" Semana "&AB23&"'"&"!"&"CD17"),"") | CI54: =IFERROR(INDIRECT("'Bloque "&AC24&" Semana "&AC23&"'"&"!"&"CD17"),"") | ... DB54: =IFERROR(INDIRECT("'Bloque "&AV24&" Semana "&AV23&"'"&"!"&"CD17"),"") | DC54: =IFERROR(INDIRECT("'Bloque "&V41&" Semana "&V40&"'"&"!"&"CD17"),"") | DD54: =IFERROR(INDIRECT("'Bloque "&W41&" Semana "&W40&"'"&"!"&"CD17"),"") | DE54: =IFERROR(INDIRECT("'Bloque "&X41&" Semana "&X40&"'"&"!"&"CD17"),"") | DF54: =IFERROR(INDIRECT("'Bloque "&Y41&" Semana "&Y40&"'"&"!"&"CD17"),"") | DG54: =IFERROR(INDIRECT("'Bloque "&Z41&" Semana "&Z40&"'"&"!"&"CD17"),"") | DH54: =IFERROR(INDIRECT("'Bloque "&AA41&" Semana "&AA40&"'"&"!"&"CD17"),"") | DI54: =IFERROR(INDIRECT("'Bloque "&AB41&" Semana "&AB40&"'"&"!"&"CD17"),"") | DJ54: =IFERROR(INDIRECT("'Bloque "&AC41&" Semana "&AC40&"'"&"!"&"CD17"),"") | ... EC54: =IFERROR(INDIRECT("'Bloque "&AV41&" Semana "&AV40&"'"&"!"&"CD17"),"")
X55: =IFERROR(INDIRECT("'Bloque "&$V$24&" Semana "&$V$23&"'"&"!"&X$47&$AE55),"") | Y55: =IFERROR(INDIRECT("'Bloque "&$V$24&" Semana "&$V$23&"'"&"!"&Y$47&$AE55),"") | Z55: =IFERROR(INDIRECT("'Bloque "&$V$24&" Semana "&$V$23&"'"&"!"&Z$47&$AE55),"") | AA55: =IFERROR(INDIRECT("'Bloque "&$V$24&" Semana "&$V$23&"'"&"!"&AA$47&$AE55),"") | AB55: =IFERROR(INDIRECT("'Bloque "&$V$24&" Semana "&$V$23&"'"&"!"&AB$47&$AE55),"") | AC55: =IFERROR(INDIRECT("'Bloque "&$V$24&" Semana "&$V$23&"'"&"!"&AC$47&$AE55),"") | AD55: =IFERROR(INDIRECT("'Bloque "&$V$24&" Semana "&$V$23&"'"&"!"&AD$47&$AE55),"") | AE55: 31 | AF55: =IFERROR(INDIRECT("'Bloque "&$W$24&" Semana "&$W$23&"'"&"!"&AF$47&$AM55),"") | AG55: =IFERROR(INDIRECT("'Bloque "&$W$24&" Semana "&$W$23&"'"&"!"&AG$47&$AM55),"") | AH55: =IFERROR(INDIRECT("'Bloque "&$W$24&" Semana "&$W$23&"'"&"!"&AH$47&$AM55),"") | AI55: =IFERROR(INDIRECT("'Bloque "&$W$24&" Semana "&$W$23&"'"&"!"&AI$47&$AM55),"") | AJ55: =IFERROR(INDIRECT("'Bloque "&$W$24&" Semana "&$W$23&"'"&"!"&AJ$47&$AM55),"") | AK55: =IFERROR(INDIRECT("'Bloque "&$W$24&" Semana "&$W$23&"'"&"!"&AK$47&$AM55),"") | AL55: =IFERROR(INDIRECT("'Bloque "&$W$24&" Semana "&$W$23&"'"&"!"&AL$47&$AM55),"") | AM55: 31 | AN55: =IFERROR(INDIRECT("'Bloque "&$X$24&" Semana "&$X$23&"'"&"!"&AN$47&$AU55),"") | AO55: =IFERROR(INDIRECT("'Bloque "&$X$24&" Semana "&$X$23&"'"&"!"&AO$47&$AU55),"") | AP55: =IFERROR(INDIRECT("'Bloque "&$X$24&" Semana "&$X$23&"'"&"!"&AP$47&$AU55),"") | AQ55: =IFERROR(INDIRECT("'Bloque "&$X$24&" Semana "&$X$23&"'"&"!"&AQ$47&$AU55),"") | AR55: =IFERROR(INDIRECT("'Bloque "&$X$24&" Semana "&$X$23&"'"&"!"&AR$47&$AU55),"") | AS55: =IFERROR(INDIRECT("'Bloque "&$X$24&" Semana "&$X$23&"'"&"!"&AS$47&$AU55),"") | AT55: =IFERROR(INDIRECT("'Bloque "&$X$24&" Semana "&$X$23&"'"&"!"&AT$47&$AU55),"") | AU55: 31
X56: =IFERROR(INDIRECT("'Bloque "&$V$24&" Semana "&$V$23&"'"&"!"&X$47&$AE56),"") | Y56: =IFERROR(INDIRECT("'Bloque "&$V$24&" Semana "&$V$23&"'"&"!"&Y$47&$AE56),"") | Z56: =IFERROR(INDIRECT("'Bloque "&$V$24&" Semana "&$V$23&"'"&"!"&Z$47&$AE56),"") | AA56: =IFERROR(INDIRECT("'Bloque "&$V$24&" Semana "&$V$23&"'"&"!"&AA$47&$AE56),"") | AB56: =IFERROR(INDIRECT("'Bloque "&$V$24&" Semana "&$V$23&"'"&"!"&AB$47&$AE56),"") | AC56: =IFERROR(INDIRECT("'Bloque "&$V$24&" Semana "&$V$23&"'"&"!"&AC$47&$AE56),"") | AD56: =IFERROR(INDIRECT("'Bloque "&$V$24&" Semana "&$V$23&"'"&"!"&AD$47&$AE56),"") | AE56: 32 | AF56: =IFERROR(INDIRECT("'Bloque "&$W$24&" Semana "&$W$23&"'"&"!"&AF$47&$AM56),"") | AG56: =IFERROR(INDIRECT("'Bloque "&$W$24&" Semana "&$W$23&"'"&"!"&AG$47&$AM56),"") | AH56: =IFERROR(INDIRECT("'Bloque "&$W$24&" Semana "&$W$23&"'"&"!"&AH$47&$AM56),"") | AI56: =IFERROR(INDIRECT("'Bloque "&$W$24&" Semana "&$W$23&"'"&"!"&AI$47&$AM56),"") | AJ56: =IFERROR(INDIRECT("'Bloque "&$W$24&" Semana "&$W$23&"'"&"!"&AJ$47&$AM56),"") | AK56: =IFERROR(INDIRECT("'Bloque "&$W$24&" Semana "&$W$23&"'"&"!"&AK$47&$AM56),"") | AL56: =IFERROR(INDIRECT("'Bloque "&$W$24&" Semana "&$W$23&"'"&"!"&AL$47&$AM56),"") | AM56: 32 | AN56: =IFERROR(INDIRECT("'Bloque "&$X$24&" Semana "&$X$23&"'"&"!"&AN$47&$AU56),"") | AO56: =IFERROR(INDIRECT("'Bloque "&$X$24&" Semana "&$X$23&"'"&"!"&AO$47&$AU56),"") | AP56: =IFERROR(INDIRECT("'Bloque "&$X$24&" Semana "&$X$23&"'"&"!"&AP$47&$AU56),"") | AQ56: =IFERROR(INDIRECT("'Bloque "&$X$24&" Semana "&$X$23&"'"&"!"&AQ$47&$AU56),"") | AR56: =IFERROR(INDIRECT("'Bloque "&$X$24&" Semana "&$X$23&"'"&"!"&AR$47&$AU56),"") | AS56: =IFERROR(INDIRECT("'Bloque "&$X$24&" Semana "&$X$23&"'"&"!"&AS$47&$AU56),"") | AT56: =IFERROR(INDIRECT("'Bloque "&$X$24&" Semana "&$X$23&"'"&"!"&AT$47&$AU56),"") | AU56: 32
X57: =IFERROR(INDIRECT("'Bloque "&$V$24&" Semana "&$V$23&"'"&"!"&X$47&$AE57),"") | Y57: =IFERROR(INDIRECT("'Bloque "&$V$24&" Semana "&$V$23&"'"&"!"&Y$47&$AE57),"") | Z57: =IFERROR(INDIRECT("'Bloque "&$V$24&" Semana "&$V$23&"'"&"!"&Z$47&$AE57),"") | AA57: =IFERROR(INDIRECT("'Bloque "&$V$24&" Semana "&$V$23&"'"&"!"&AA$47&$AE57),"") | AB57: =IFERROR(INDIRECT("'Bloque "&$V$24&" Semana "&$V$23&"'"&"!"&AB$47&$AE57),"") | AC57: =IFERROR(INDIRECT("'Bloque "&$V$24&" Semana "&$V$23&"'"&"!"&AC$47&$AE57),"") | AD57: =IFERROR(INDIRECT("'Bloque "&$V$24&" Semana "&$V$23&"'"&"!"&AD$47&$AE57),"") | AE57: 33 | AF57: =IFERROR(INDIRECT("'Bloque "&$W$24&" Semana "&$W$23&"'"&"!"&AF$47&$AM57),"") | AG57: =IFERROR(INDIRECT("'Bloque "&$W$24&" Semana "&$W$23&"'"&"!"&AG$47&$AM57),"") | AH57: =IFERROR(INDIRECT("'Bloque "&$W$24&" Semana "&$W$23&"'"&"!"&AH$47&$AM57),"") | AI57: =IFERROR(INDIRECT("'Bloque "&$W$24&" Semana "&$W$23&"'"&"!"&AI$47&$AM57),"") | AJ57: =IFERROR(INDIRECT("'Bloque "&$W$24&" Semana "&$W$23&"'"&"!"&AJ$47&$AM57),"") | AK57: =IFERROR(INDIRECT("'Bloque "&$W$24&" Semana "&$W$23&"'"&"!"&AK$47&$AM57),"") | AL57: =IFERROR(INDIRECT("'Bloque "&$W$24&" Semana "&$W$23&"'"&"!"&AL$47&$AM57),"") | AM57: 33 | AN57: =IFERROR(INDIRECT("'Bloque "&$X$24&" Semana "&$X$23&"'"&"!"&AN$47&$AU57),"") | AO57: =IFERROR(INDIRECT("'Bloque "&$X$24&" Semana "&$X$23&"'"&"!"&AO$47&$AU57),"") | AP57: =IFERROR(INDIRECT("'Bloque "&$X$24&" Semana "&$X$23&"'"&"!"&AP$47&$AU57),"") | AQ57: =IFERROR(INDIRECT("'Bloque "&$X$24&" Semana "&$X$23&"'"&"!"&AQ$47&$AU57),"") | AR57: =IFERROR(INDIRECT("'Bloque "&$X$24&" Semana "&$X$23&"'"&"!"&AR$47&$AU57),"") | AS57: =IFERROR(INDIRECT("'Bloque "&$X$24&" Semana "&$X$23&"'"&"!"&AS$47&$AU57),"") | AT57: =IFERROR(INDIRECT("'Bloque "&$X$24&" Semana "&$X$23&"'"&"!"&AT$47&$AU57),"") | AU57: 33
X58: =IFERROR(INDIRECT("'Bloque "&$V$24&" Semana "&$V$23&"'"&"!"&X$47&$AE58),"") | Y58: =IFERROR(INDIRECT("'Bloque "&$V$24&" Semana "&$V$23&"'"&"!"&Y$47&$AE58),"") | Z58: =IFERROR(INDIRECT("'Bloque "&$V$24&" Semana "&$V$23&"'"&"!"&Z$47&$AE58),"") | AA58: =IFERROR(INDIRECT("'Bloque "&$V$24&" Semana "&$V$23&"'"&"!"&AA$47&$AE58),"") | AB58: =IFERROR(INDIRECT("'Bloque "&$V$24&" Semana "&$V$23&"'"&"!"&AB$47&$AE58),"") | AC58: =IFERROR(INDIRECT("'Bloque "&$V$24&" Semana "&$V$23&"'"&"!"&AC$47&$AE58),"") | AD58: =IFERROR(INDIRECT("'Bloque "&$V$24&" Semana "&$V$23&"'"&"!"&AD$47&$AE58),"") | AE58: 34 | AF58: =IFERROR(INDIRECT("'Bloque "&$W$24&" Semana "&$W$23&"'"&"!"&AF$47&$AM58),"") | AG58: =IFERROR(INDIRECT("'Bloque "&$W$24&" Semana "&$W$23&"'"&"!"&AG$47&$AM58),"") | AH58: =IFERROR(INDIRECT("'Bloque "&$W$24&" Semana "&$W$23&"'"&"!"&AH$47&$AM58),"") | AI58: =IFERROR(INDIRECT("'Bloque "&$W$24&" Semana "&$W$23&"'"&"!"&AI$47&$AM58),"") | AJ58: =IFERROR(INDIRECT("'Bloque "&$W$24&" Semana "&$W$23&"'"&"!"&AJ$47&$AM58),"") | AK58: =IFERROR(INDIRECT("'Bloque "&$W$24&" Semana "&$W$23&"'"&"!"&AK$47&$AM58),"") | AL58: =IFERROR(INDIRECT("'Bloque "&$W$24&" Semana "&$W$23&"'"&"!"&AL$47&$AM58),"") | AM58: 34 | AN58: =IFERROR(INDIRECT("'Bloque "&$X$24&" Semana "&$X$23&"'"&"!"&AN$47&$AU58),"") | AO58: =IFERROR(INDIRECT("'Bloque "&$X$24&" Semana "&$X$23&"'"&"!"&AO$47&$AU58),"") | AP58: =IFERROR(INDIRECT("'Bloque "&$X$24&" Semana "&$X$23&"'"&"!"&AP$47&$AU58),"") | AQ58: =IFERROR(INDIRECT("'Bloque "&$X$24&" Semana "&$X$23&"'"&"!"&AQ$47&$AU58),"") | AR58: =IFERROR(INDIRECT("'Bloque "&$X$24&" Semana "&$X$23&"'"&"!"&AR$47&$AU58),"") | AS58: =IFERROR(INDIRECT("'Bloque "&$X$24&" Semana "&$X$23&"'"&"!"&AS$47&$AU58),"") | AT58: =IFERROR(INDIRECT("'Bloque "&$X$24&" Semana "&$X$23&"'"&"!"&AT$47&$AU58),"") | AU58: 34
X59: =IFERROR(INDIRECT("'Bloque "&$V$24&" Semana "&$V$23&"'"&"!"&X$47&$AE59),"") | Y59: =IFERROR(INDIRECT("'Bloque "&$V$24&" Semana "&$V$23&"'"&"!"&Y$47&$AE59),"") | Z59: =IFERROR(INDIRECT("'Bloque "&$V$24&" Semana "&$V$23&"'"&"!"&Z$47&$AE59),"") | AA59: =IFERROR(INDIRECT("'Bloque "&$V$24&" Semana "&$V$23&"'"&"!"&AA$47&$AE59),"") | AB59: =IFERROR(INDIRECT("'Bloque "&$V$24&" Semana "&$V$23&"'"&"!"&AB$47&$AE59),"") | AC59: =IFERROR(INDIRECT("'Bloque "&$V$24&" Semana "&$V$23&"'"&"!"&AC$47&$AE59),"") | AD59: =IFERROR(INDIRECT("'Bloque "&$V$24&" Semana "&$V$23&"'"&"!"&AD$47&$AE59),"") | AE59: 35 | AF59: =IFERROR(INDIRECT("'Bloque "&$W$24&" Semana "&$W$23&"'"&"!"&AF$47&$AM59),"") | AG59: =IFERROR(INDIRECT("'Bloque "&$W$24&" Semana "&$W$23&"'"&"!"&AG$47&$AM59),"") | AH59: =IFERROR(INDIRECT("'Bloque "&$W$24&" Semana "&$W$23&"'"&"!"&AH$47&$AM59),"") | AI59: =IFERROR(INDIRECT("'Bloque "&$W$24&" Semana "&$W$23&"'"&"!"&AI$47&$AM59),"") | AJ59: =IFERROR(INDIRECT("'Bloque "&$W$24&" Semana "&$W$23&"'"&"!"&AJ$47&$AM59),"") | AK59: =IFERROR(INDIRECT("'Bloque "&$W$24&" Semana "&$W$23&"'"&"!"&AK$47&$AM59),"") | AL59: =IFERROR(INDIRECT("'Bloque "&$W$24&" Semana "&$W$23&"'"&"!"&AL$47&$AM59),"") | AM59: 35 | AN59: =IFERROR(INDIRECT("'Bloque "&$X$24&" Semana "&$X$23&"'"&"!"&AN$47&$AU59),"") | AO59: =IFERROR(INDIRECT("'Bloque "&$X$24&" Semana "&$X$23&"'"&"!"&AO$47&$AU59),"") | AP59: =IFERROR(INDIRECT("'Bloque "&$X$24&" Semana "&$X$23&"'"&"!"&AP$47&$AU59),"") | AQ59: =IFERROR(INDIRECT("'Bloque "&$X$24&" Semana "&$X$23&"'"&"!"&AQ$47&$AU59),"") | AR59: =IFERROR(INDIRECT("'Bloque "&$X$24&" Semana "&$X$23&"'"&"!"&AR$47&$AU59),"") | AS59: =IFERROR(INDIRECT("'Bloque "&$X$24&" Semana "&$X$23&"'"&"!"&AS$47&$AU59),"") | AT59: =IFERROR(INDIRECT("'Bloque "&$X$24&" Semana "&$X$23&"'"&"!"&AT$47&$AU59),"") | AU59: 35
X61: E | Y61: F | Z61: K | AA61: N | AB61: R | AC61: S | AD61: T | AF61: E | AG61: F | AH61: K | AI61: N | AJ61: R | AK61: S | AL61: T | AN61: E | AO61: F | AP61: K | AQ61: N | AR61: R | AS61: S | AT61: T
X62: {=IFERROR(INDIRECT("'Bloque "&$Y$24&" Semana "&$Y$23&"'"&"!"&"E37"),"")} | AE62: 26 | AF62: {=IFERROR(INDIRECT("'Bloque "&$Z$24&" Semana "&$Z$23&"'"&"!"&"E37"),"")} | AM62: 26 | AN62: {=IFERROR(INDIRECT("'Bloque "&$AA$24&" Semana "&$AA$23&"'"&"!"&"E37"),"")} | AU62: 26
X63: {=IFERROR(INDIRECT("'Bloque "&$Y$24&" Semana "&$Y$23&"'"&"!"&"E25"),"")} | AE63: 25 | AF63: {=IFERROR(INDIRECT("'Bloque "&$Z$24&" Semana "&$Z$23&"'"&"!"&"E25"),"")} | AM63: 25 | AN63: {=IFERROR(INDIRECT("'Bloque "&$AA$24&" Semana "&$AA$23&"'"&"!"&"E25"),"")} | AU63: 25
X64: {=IFERROR(INDIRECT("'Bloque "&$Y$24&" Semana "&$Y$23&"'"&"!"&"E26"),"")} | AE64: 26 | AF64: {=IFERROR(INDIRECT("'Bloque "&$Z$24&" Semana "&$Z$23&"'"&"!"&"E26"),"")} | AM64: 26 | AN64: {=IFERROR(INDIRECT("'Bloque "&$AA$24&" Semana "&$AA$23&"'"&"!"&"E26"),"")} | AU64: 26
X65: =IFERROR(INDIRECT("'Bloque "&$Y$24&" Semana "&$Y$23&"'"&"!"&X$61&$AE65),"") | Y65: =IFERROR(INDIRECT("'Bloque "&$Y$24&" Semana "&$Y$23&"'"&"!"&Y$61&$AE65),"") | Z65: =IFERROR(INDIRECT("'Bloque "&$Y$24&" Semana "&$Y$23&"'"&"!"&Z$61&$AE65),"") | AA65: =IFERROR(INDIRECT("'Bloque "&$Y$24&" Semana "&$Y$23&"'"&"!"&AA$61&$AE65),"") | AB65: =IFERROR(INDIRECT("'Bloque "&$Y$24&" Semana "&$Y$23&"'"&"!"&AB$61&$AE65),"") | AC65: =IFERROR(INDIRECT("'Bloque "&$Y$24&" Semana "&$Y$23&"'"&"!"&AC$61&$AE65),"") | AD65: =IFERROR(INDIRECT("'Bloque "&$Y$24&" Semana "&$Y$23&"'"&"!"&AD$61&$AE65),"") | AE65: 27 | AF65: =IFERROR(INDIRECT("'Bloque "&$Z$24&" Semana "&$Z$23&"'"&"!"&AF$61&$AM65),"") | AG65: =IFERROR(INDIRECT("'Bloque "&$Z$24&" Semana "&$Z$23&"'"&"!"&AG$61&$AM65),"") | AH65: =IFERROR(INDIRECT("'Bloque "&$Z$24&" Semana "&$Z$23&"'"&"!"&AH$61&$AM65),"") | AI65: =IFERROR(INDIRECT("'Bloque "&$Z$24&" Semana "&$Z$23&"'"&"!"&AI$61&$AM65),"") | AJ65: =IFERROR(INDIRECT("'Bloque "&$Z$24&" Semana "&$Z$23&"'"&"!"&AJ$61&$AM65),"") | AK65: =IFERROR(INDIRECT("'Bloque "&$Z$24&" Semana "&$Z$23&"'"&"!"&AK$61&$AM65),"") | AL65: =IFERROR(INDIRECT("'Bloque "&$Z$24&" Semana "&$Z$23&"'"&"!"&AL$61&$AM65),"") | AM65: 27 | AN65: =IFERROR(INDIRECT("'Bloque "&$AA$24&" Semana "&$AA$23&"'"&"!"&AN$61&$AU65),"") | AO65: =IFERROR(INDIRECT("'Bloque "&$AA$24&" Semana "&$AA$23&"'"&"!"&AO$61&$AU65),"") | AP65: =IFERROR(INDIRECT("'Bloque "&$AA$24&" Semana "&$AA$23&"'"&"!"&AP$61&$AU65),"") | AQ65: =IFERROR(INDIRECT("'Bloque "&$AA$24&" Semana "&$AA$23&"'"&"!"&AQ$61&$AU65),"") | AR65: =IFERROR(INDIRECT("'Bloque "&$AA$24&" Semana "&$AA$23&"'"&"!"&AR$61&$AU65),"") | AS65: =IFERROR(INDIRECT("'Bloque "&$AA$24&" Semana "&$AA$23&"'"&"!"&AS$61&$AU65),"") | AT65: =IFERROR(INDIRECT("'Bloque "&$AA$24&" Semana "&$AA$23&"'"&"!"&AT$61&$AU65),"") | AU65: 27
X66: =IFERROR(INDIRECT("'Bloque "&$Y$24&" Semana "&$Y$23&"'"&"!"&X$61&$AE66),"") | Y66: =IFERROR(INDIRECT("'Bloque "&$Y$24&" Semana "&$Y$23&"'"&"!"&Y$61&$AE66),"") | Z66: =IFERROR(INDIRECT("'Bloque "&$Y$24&" Semana "&$Y$23&"'"&"!"&Z$61&$AE66),"") | AA66: =IFERROR(INDIRECT("'Bloque "&$Y$24&" Semana "&$Y$23&"'"&"!"&AA$61&$AE66),"") | AB66: =IFERROR(INDIRECT("'Bloque "&$Y$24&" Semana "&$Y$23&"'"&"!"&AB$61&$AE66),"") | AC66: =IFERROR(INDIRECT("'Bloque "&$Y$24&" Semana "&$Y$23&"'"&"!"&AC$61&$AE66),"") | AD66: =IFERROR(INDIRECT("'Bloque "&$Y$24&" Semana "&$Y$23&"'"&"!"&AD$61&$AE66),"") | AE66: 28 | AF66: =IFERROR(INDIRECT("'Bloque "&$Z$24&" Semana "&$Z$23&"'"&"!"&AF$61&$AM66),"") | AG66: =IFERROR(INDIRECT("'Bloque "&$Z$24&" Semana "&$Z$23&"'"&"!"&AG$61&$AM66),"") | AH66: =IFERROR(INDIRECT("'Bloque "&$Z$24&" Semana "&$Z$23&"'"&"!"&AH$61&$AM66),"") | AI66: =IFERROR(INDIRECT("'Bloque "&$Z$24&" Semana "&$Z$23&"'"&"!"&AI$61&$AM66),"") | AJ66: =IFERROR(INDIRECT("'Bloque "&$Z$24&" Semana "&$Z$23&"'"&"!"&AJ$61&$AM66),"") | AK66: =IFERROR(INDIRECT("'Bloque "&$Z$24&" Semana "&$Z$23&"'"&"!"&AK$61&$AM66),"") | AL66: =IFERROR(INDIRECT("'Bloque "&$Z$24&" Semana "&$Z$23&"'"&"!"&AL$61&$AM66),"") | AM66: 28 | AN66: =IFERROR(INDIRECT("'Bloque "&$AA$24&" Semana "&$AA$23&"'"&"!"&AN$61&$AU66),"") | AO66: =IFERROR(INDIRECT("'Bloque "&$AA$24&" Semana "&$AA$23&"'"&"!"&AO$61&$AU66),"") | AP66: =IFERROR(INDIRECT("'Bloque "&$AA$24&" Semana "&$AA$23&"'"&"!"&AP$61&$AU66),"") | AQ66: =IFERROR(INDIRECT("'Bloque "&$AA$24&" Semana "&$AA$23&"'"&"!"&AQ$61&$AU66),"") | AR66: =IFERROR(INDIRECT("'Bloque "&$AA$24&" Semana "&$AA$23&"'"&"!"&AR$61&$AU66),"") | AS66: =IFERROR(INDIRECT("'Bloque "&$AA$24&" Semana "&$AA$23&"'"&"!"&AS$61&$AU66),"") | AT66: =IFERROR(INDIRECT("'Bloque "&$AA$24&" Semana "&$AA$23&"'"&"!"&AT$61&$AU66),"") | AU66: 28
X67: =IFERROR(INDIRECT("'Bloque "&$Y$24&" Semana "&$Y$23&"'"&"!"&X$61&$AE67),"") | Y67: =IFERROR(INDIRECT("'Bloque "&$Y$24&" Semana "&$Y$23&"'"&"!"&Y$61&$AE67),"") | Z67: =IFERROR(INDIRECT("'Bloque "&$Y$24&" Semana "&$Y$23&"'"&"!"&Z$61&$AE67),"") | AA67: =IFERROR(INDIRECT("'Bloque "&$Y$24&" Semana "&$Y$23&"'"&"!"&AA$61&$AE67),"") | AB67: =IFERROR(INDIRECT("'Bloque "&$Y$24&" Semana "&$Y$23&"'"&"!"&AB$61&$AE67),"") | AC67: =IFERROR(INDIRECT("'Bloque "&$Y$24&" Semana "&$Y$23&"'"&"!"&AC$61&$AE67),"") | AD67: =IFERROR(INDIRECT("'Bloque "&$Y$24&" Semana "&$Y$23&"'"&"!"&AD$61&$AE67),"") | AE67: 29 | AF67: =IFERROR(INDIRECT("'Bloque "&$Z$24&" Semana "&$Z$23&"'"&"!"&AF$61&$AM67),"") | AG67: =IFERROR(INDIRECT("'Bloque "&$Z$24&" Semana "&$Z$23&"'"&"!"&AG$61&$AM67),"") | AH67: =IFERROR(INDIRECT("'Bloque "&$Z$24&" Semana "&$Z$23&"'"&"!"&AH$61&$AM67),"") | AI67: =IFERROR(INDIRECT("'Bloque "&$Z$24&" Semana "&$Z$23&"'"&"!"&AI$61&$AM67),"") | AJ67: =IFERROR(INDIRECT("'Bloque "&$Z$24&" Semana "&$Z$23&"'"&"!"&AJ$61&$AM67),"") | AK67: =IFERROR(INDIRECT("'Bloque "&$Z$24&" Semana "&$Z$23&"'"&"!"&AK$61&$AM67),"") | AL67: =IFERROR(INDIRECT("'Bloque "&$Z$24&" Semana "&$Z$23&"'"&"!"&AL$61&$AM67),"") | AM67: 29 | AN67: =IFERROR(INDIRECT("'Bloque "&$AA$24&" Semana "&$AA$23&"'"&"!"&AN$61&$AU67),"") | AO67: =IFERROR(INDIRECT("'Bloque "&$AA$24&" Semana "&$AA$23&"'"&"!"&AO$61&$AU67),"") | AP67: =IFERROR(INDIRECT("'Bloque "&$AA$24&" Semana "&$AA$23&"'"&"!"&AP$61&$AU67),"") | AQ67: =IFERROR(INDIRECT("'Bloque "&$AA$24&" Semana "&$AA$23&"'"&"!"&AQ$61&$AU67),"") | AR67: =IFERROR(INDIRECT("'Bloque "&$AA$24&" Semana "&$AA$23&"'"&"!"&AR$61&$AU67),"") | AS67: =IFERROR(INDIRECT("'Bloque "&$AA$24&" Semana "&$AA$23&"'"&"!"&AS$61&$AU67),"") | AT67: =IFERROR(INDIRECT("'Bloque "&$AA$24&" Semana "&$AA$23&"'"&"!"&AT$61&$AU67),"") | AU67: 29
X68: =IFERROR(INDIRECT("'Bloque "&$Y$24&" Semana "&$Y$23&"'"&"!"&X$61&$AE68),"") | Y68: =IFERROR(INDIRECT("'Bloque "&$Y$24&" Semana "&$Y$23&"'"&"!"&Y$61&$AE68),"") | Z68: =IFERROR(INDIRECT("'Bloque "&$Y$24&" Semana "&$Y$23&"'"&"!"&Z$61&$AE68),"") | AA68: =IFERROR(INDIRECT("'Bloque "&$Y$24&" Semana "&$Y$23&"'"&"!"&AA$61&$AE68),"") | AB68: =IFERROR(INDIRECT("'Bloque "&$Y$24&" Semana "&$Y$23&"'"&"!"&AB$61&$AE68),"") | AC68: =IFERROR(INDIRECT("'Bloque "&$Y$24&" Semana "&$Y$23&"'"&"!"&AC$61&$AE68),"") | AD68: =IFERROR(INDIRECT("'Bloque "&$Y$24&" Semana "&$Y$23&"'"&"!"&AD$61&$AE68),"") | AE68: 30 | AF68: =IFERROR(INDIRECT("'Bloque "&$Z$24&" Semana "&$Z$23&"'"&"!"&AF$61&$AM68),"") | AG68: =IFERROR(INDIRECT("'Bloque "&$Z$24&" Semana "&$Z$23&"'"&"!"&AG$61&$AM68),"") | AH68: =IFERROR(INDIRECT("'Bloque "&$Z$24&" Semana "&$Z$23&"'"&"!"&AH$61&$AM68),"") | AI68: =IFERROR(INDIRECT("'Bloque "&$Z$24&" Semana "&$Z$23&"'"&"!"&AI$61&$AM68),"") | AJ68: =IFERROR(INDIRECT("'Bloque "&$Z$24&" Semana "&$Z$23&"'"&"!"&AJ$61&$AM68),"") | AK68: =IFERROR(INDIRECT("'Bloque "&$Z$24&" Semana "&$Z$23&"'"&"!"&AK$61&$AM68),"") | AL68: =IFERROR(INDIRECT("'Bloque "&$Z$24&" Semana "&$Z$23&"'"&"!"&AL$61&$AM68),"") | AM68: 30 | AN68: =IFERROR(INDIRECT("'Bloque "&$AA$24&" Semana "&$AA$23&"'"&"!"&AN$61&$AU68),"") | AO68: =IFERROR(INDIRECT("'Bloque "&$AA$24&" Semana "&$AA$23&"'"&"!"&AO$61&$AU68),"") | AP68: =IFERROR(INDIRECT("'Bloque "&$AA$24&" Semana "&$AA$23&"'"&"!"&AP$61&$AU68),"") | AQ68: =IFERROR(INDIRECT("'Bloque "&$AA$24&" Semana "&$AA$23&"'"&"!"&AQ$61&$AU68),"") | AR68: =IFERROR(INDIRECT("'Bloque "&$AA$24&" Semana "&$AA$23&"'"&"!"&AR$61&$AU68),"") | AS68: =IFERROR(INDIRECT("'Bloque "&$AA$24&" Semana "&$AA$23&"'"&"!"&AS$61&$AU68),"") | AT68: =IFERROR(INDIRECT("'Bloque "&$AA$24&" Semana "&$AA$23&"'"&"!"&AT$61&$AU68),"") | AU68: 30
X69: =IFERROR(INDIRECT("'Bloque "&$Y$24&" Semana "&$Y$23&"'"&"!"&X$61&$AE69),"") | Y69: =IFERROR(INDIRECT("'Bloque "&$Y$24&" Semana "&$Y$23&"'"&"!"&Y$61&$AE69),"") | Z69: =IFERROR(INDIRECT("'Bloque "&$Y$24&" Semana "&$Y$23&"'"&"!"&Z$61&$AE69),"") | AA69: =IFERROR(INDIRECT("'Bloque "&$Y$24&" Semana "&$Y$23&"'"&"!"&AA$61&$AE69),"") | AB69: =IFERROR(INDIRECT("'Bloque "&$Y$24&" Semana "&$Y$23&"'"&"!"&AB$61&$AE69),"") | AC69: =IFERROR(INDIRECT("'Bloque "&$Y$24&" Semana "&$Y$23&"'"&"!"&AC$61&$AE69),"") | AD69: =IFERROR(INDIRECT("'Bloque "&$Y$24&" Semana "&$Y$23&"'"&"!"&AD$61&$AE69),"") | AE69: 31 | AF69: =IFERROR(INDIRECT("'Bloque "&$Z$24&" Semana "&$Z$23&"'"&"!"&AF$61&$AM69),"") | AG69: =IFERROR(INDIRECT("'Bloque "&$Z$24&" Semana "&$Z$23&"'"&"!"&AG$61&$AM69),"") | AH69: =IFERROR(INDIRECT("'Bloque "&$Z$24&" Semana "&$Z$23&"'"&"!"&AH$61&$AM69),"") | AI69: =IFERROR(INDIRECT("'Bloque "&$Z$24&" Semana "&$Z$23&"'"&"!"&AI$61&$AM69),"") | AJ69: =IFERROR(INDIRECT("'Bloque "&$Z$24&" Semana "&$Z$23&"'"&"!"&AJ$61&$AM69),"") | AK69: =IFERROR(INDIRECT("'Bloque "&$Z$24&" Semana "&$Z$23&"'"&"!"&AK$61&$AM69),"") | AL69: =IFERROR(INDIRECT("'Bloque "&$Z$24&" Semana "&$Z$23&"'"&"!"&AL$61&$AM69),"") | AM69: 31 | AN69: =IFERROR(INDIRECT("'Bloque "&$AA$24&" Semana "&$AA$23&"'"&"!"&AN$61&$AU69),"") | AO69: =IFERROR(INDIRECT("'Bloque "&$AA$24&" Semana "&$AA$23&"'"&"!"&AO$61&$AU69),"") | AP69: =IFERROR(INDIRECT("'Bloque "&$AA$24&" Semana "&$AA$23&"'"&"!"&AP$61&$AU69),"") | AQ69: =IFERROR(INDIRECT("'Bloque "&$AA$24&" Semana "&$AA$23&"'"&"!"&AQ$61&$AU69),"") | AR69: =IFERROR(INDIRECT("'Bloque "&$AA$24&" Semana "&$AA$23&"'"&"!"&AR$61&$AU69),"") | AS69: =IFERROR(INDIRECT("'Bloque "&$AA$24&" Semana "&$AA$23&"'"&"!"&AS$61&$AU69),"") | AT69: =IFERROR(INDIRECT("'Bloque "&$AA$24&" Semana "&$AA$23&"'"&"!"&AT$61&$AU69),"") | AU69: 31
X70: =IFERROR(INDIRECT("'Bloque "&$Y$24&" Semana "&$Y$23&"'"&"!"&X$61&$AE70),"") | Y70: =IFERROR(INDIRECT("'Bloque "&$Y$24&" Semana "&$Y$23&"'"&"!"&Y$61&$AE70),"") | Z70: =IFERROR(INDIRECT("'Bloque "&$Y$24&" Semana "&$Y$23&"'"&"!"&Z$61&$AE70),"") | AA70: =IFERROR(INDIRECT("'Bloque "&$Y$24&" Semana "&$Y$23&"'"&"!"&AA$61&$AE70),"") | AB70: =IFERROR(INDIRECT("'Bloque "&$Y$24&" Semana "&$Y$23&"'"&"!"&AB$61&$AE70),"") | AC70: =IFERROR(INDIRECT("'Bloque "&$Y$24&" Semana "&$Y$23&"'"&"!"&AC$61&$AE70),"") | AD70: =IFERROR(INDIRECT("'Bloque "&$Y$24&" Semana "&$Y$23&"'"&"!"&AD$61&$AE70),"") | AE70: 32 | AF70: =IFERROR(INDIRECT("'Bloque "&$Z$24&" Semana "&$Z$23&"'"&"!"&AF$61&$AM70),"") | AG70: =IFERROR(INDIRECT("'Bloque "&$Z$24&" Semana "&$Z$23&"'"&"!"&AG$61&$AM70),"") | AH70: =IFERROR(INDIRECT("'Bloque "&$Z$24&" Semana "&$Z$23&"'"&"!"&AH$61&$AM70),"") | AI70: =IFERROR(INDIRECT("'Bloque "&$Z$24&" Semana "&$Z$23&"'"&"!"&AI$61&$AM70),"") | AJ70: =IFERROR(INDIRECT("'Bloque "&$Z$24&" Semana "&$Z$23&"'"&"!"&AJ$61&$AM70),"") | AK70: =IFERROR(INDIRECT("'Bloque "&$Z$24&" Semana "&$Z$23&"'"&"!"&AK$61&$AM70),"") | AL70: =IFERROR(INDIRECT("'Bloque "&$Z$24&" Semana "&$Z$23&"'"&"!"&AL$61&$AM70),"") | AM70: 32 | AN70: =IFERROR(INDIRECT("'Bloque "&$AA$24&" Semana "&$AA$23&"'"&"!"&AN$61&$AU70),"") | AO70: =IFERROR(INDIRECT("'Bloque "&$AA$24&" Semana "&$AA$23&"'"&"!"&AO$61&$AU70),"") | AP70: =IFERROR(INDIRECT("'Bloque "&$AA$24&" Semana "&$AA$23&"'"&"!"&AP$61&$AU70),"") | AQ70: =IFERROR(INDIRECT("'Bloque "&$AA$24&" Semana "&$AA$23&"'"&"!"&AQ$61&$AU70),"") | AR70: =IFERROR(INDIRECT("'Bloque "&$AA$24&" Semana "&$AA$23&"'"&"!"&AR$61&$AU70),"") | AS70: =IFERROR(INDIRECT("'Bloque "&$AA$24&" Semana "&$AA$23&"'"&"!"&AS$61&$AU70),"") | AT70: =IFERROR(INDIRECT("'Bloque "&$AA$24&" Semana "&$AA$23&"'"&"!"&AT$61&$AU70),"") | AU70: 32
X71: =IFERROR(INDIRECT("'Bloque "&$Y$24&" Semana "&$Y$23&"'"&"!"&X$61&$AE71),"") | Y71: =IFERROR(INDIRECT("'Bloque "&$Y$24&" Semana "&$Y$23&"'"&"!"&Y$61&$AE71),"") | Z71: =IFERROR(INDIRECT("'Bloque "&$Y$24&" Semana "&$Y$23&"'"&"!"&Z$61&$AE71),"") | AA71: =IFERROR(INDIRECT("'Bloque "&$Y$24&" Semana "&$Y$23&"'"&"!"&AA$61&$AE71),"") | AB71: =IFERROR(INDIRECT("'Bloque "&$Y$24&" Semana "&$Y$23&"'"&"!"&AB$61&$AE71),"") | AC71: =IFERROR(INDIRECT("'Bloque "&$Y$24&" Semana "&$Y$23&"'"&"!"&AC$61&$AE71),"") | AD71: =IFERROR(INDIRECT("'Bloque "&$Y$24&" Semana "&$Y$23&"'"&"!"&AD$61&$AE71),"") | AE71: 33 | AF71: =IFERROR(INDIRECT("'Bloque "&$Z$24&" Semana "&$Z$23&"'"&"!"&AF$61&$AM71),"") | AG71: =IFERROR(INDIRECT("'Bloque "&$Z$24&" Semana "&$Z$23&"'"&"!"&AG$61&$AM71),"") | AH71: =IFERROR(INDIRECT("'Bloque "&$Z$24&" Semana "&$Z$23&"'"&"!"&AH$61&$AM71),"") | AI71: =IFERROR(INDIRECT("'Bloque "&$Z$24&" Semana "&$Z$23&"'"&"!"&AI$61&$AM71),"") | AJ71: =IFERROR(INDIRECT("'Bloque "&$Z$24&" Semana "&$Z$23&"'"&"!"&AJ$61&$AM71),"") | AK71: =IFERROR(INDIRECT("'Bloque "&$Z$24&" Semana "&$Z$23&"'"&"!"&AK$61&$AM71),"") | AL71: =IFERROR(INDIRECT("'Bloque "&$Z$24&" Semana "&$Z$23&"'"&"!"&AL$61&$AM71),"") | AM71: 33 | AN71: =IFERROR(INDIRECT("'Bloque "&$AA$24&" Semana "&$AA$23&"'"&"!"&AN$61&$AU71),"") | AO71: =IFERROR(INDIRECT("'Bloque "&$AA$24&" Semana "&$AA$23&"'"&"!"&AO$61&$AU71),"") | AP71: =IFERROR(INDIRECT("'Bloque "&$AA$24&" Semana "&$AA$23&"'"&"!"&AP$61&$AU71),"") | AQ71: =IFERROR(INDIRECT("'Bloque "&$AA$24&" Semana "&$AA$23&"'"&"!"&AQ$61&$AU71),"") | AR71: =IFERROR(INDIRECT("'Bloque "&$AA$24&" Semana "&$AA$23&"'"&"!"&AR$61&$AU71),"") | AS71: =IFERROR(INDIRECT("'Bloque "&$AA$24&" Semana "&$AA$23&"'"&"!"&AS$61&$AU71),"") | AT71: =IFERROR(INDIRECT("'Bloque "&$AA$24&" Semana "&$AA$23&"'"&"!"&AT$61&$AU71),"") | AU71: 33
X72: =IFERROR(INDIRECT("'Bloque "&$Y$24&" Semana "&$Y$23&"'"&"!"&X$61&$AE72),"") | Y72: =IFERROR(INDIRECT("'Bloque "&$Y$24&" Semana "&$Y$23&"'"&"!"&Y$61&$AE72),"") | Z72: =IFERROR(INDIRECT("'Bloque "&$Y$24&" Semana "&$Y$23&"'"&"!"&Z$61&$AE72),"") | AA72: =IFERROR(INDIRECT("'Bloque "&$Y$24&" Semana "&$Y$23&"'"&"!"&AA$61&$AE72),"") | AB72: =IFERROR(INDIRECT("'Bloque "&$Y$24&" Semana "&$Y$23&"'"&"!"&AB$61&$AE72),"") | AC72: =IFERROR(INDIRECT("'Bloque "&$Y$24&" Semana "&$Y$23&"'"&"!"&AC$61&$AE72),"") | AD72: =IFERROR(INDIRECT("'Bloque "&$Y$24&" Semana "&$Y$23&"'"&"!"&AD$61&$AE72),"") | AE72: 34 | AF72: =IFERROR(INDIRECT("'Bloque "&$Z$24&" Semana "&$Z$23&"'"&"!"&AF$61&$AM72),"") | AG72: =IFERROR(INDIRECT("'Bloque "&$Z$24&" Semana "&$Z$23&"'"&"!"&AG$61&$AM72),"") | AH72: =IFERROR(INDIRECT("'Bloque "&$Z$24&" Semana "&$Z$23&"'"&"!"&AH$61&$AM72),"") | AI72: =IFERROR(INDIRECT("'Bloque "&$Z$24&" Semana "&$Z$23&"'"&"!"&AI$61&$AM72),"") | AJ72: =IFERROR(INDIRECT("'Bloque "&$Z$24&" Semana "&$Z$23&"'"&"!"&AJ$61&$AM72),"") | AK72: =IFERROR(INDIRECT("'Bloque "&$Z$24&" Semana "&$Z$23&"'"&"!"&AK$61&$AM72),"") | AL72: =IFERROR(INDIRECT("'Bloque "&$Z$24&" Semana "&$Z$23&"'"&"!"&AL$61&$AM72),"") | AM72: 34 | AN72: =IFERROR(INDIRECT("'Bloque "&$AA$24&" Semana "&$AA$23&"'"&"!"&AN$61&$AU72),"") | AO72: =IFERROR(INDIRECT("'Bloque "&$AA$24&" Semana "&$AA$23&"'"&"!"&AO$61&$AU72),"") | AP72: =IFERROR(INDIRECT("'Bloque "&$AA$24&" Semana "&$AA$23&"'"&"!"&AP$61&$AU72),"") | AQ72: =IFERROR(INDIRECT("'Bloque "&$AA$24&" Semana "&$AA$23&"'"&"!"&AQ$61&$AU72),"") | AR72: =IFERROR(INDIRECT("'Bloque "&$AA$24&" Semana "&$AA$23&"'"&"!"&AR$61&$AU72),"") | AS72: =IFERROR(INDIRECT("'Bloque "&$AA$24&" Semana "&$AA$23&"'"&"!"&AS$61&$AU72),"") | AT72: =IFERROR(INDIRECT("'Bloque "&$AA$24&" Semana "&$AA$23&"'"&"!"&AT$61&$AU72),"") | AU72: 34
X73: =IFERROR(INDIRECT("'Bloque "&$Y$24&" Semana "&$Y$23&"'"&"!"&X$61&$AE73),"") | Y73: =IFERROR(INDIRECT("'Bloque "&$Y$24&" Semana "&$Y$23&"'"&"!"&Y$61&$AE73),"") | Z73: =IFERROR(INDIRECT("'Bloque "&$Y$24&" Semana "&$Y$23&"'"&"!"&Z$61&$AE73),"") | AA73: =IFERROR(INDIRECT("'Bloque "&$Y$24&" Semana "&$Y$23&"'"&"!"&AA$61&$AE73),"") | AB73: =IFERROR(INDIRECT("'Bloque "&$Y$24&" Semana "&$Y$23&"'"&"!"&AB$61&$AE73),"") | AC73: =IFERROR(INDIRECT("'Bloque "&$Y$24&" Semana "&$Y$23&"'"&"!"&AC$61&$AE73),"") | AD73: =IFERROR(INDIRECT("'Bloque "&$Y$24&" Semana "&$Y$23&"'"&"!"&AD$61&$AE73),"") | AE73: 35 | AF73: =IFERROR(INDIRECT("'Bloque "&$Z$24&" Semana "&$Z$23&"'"&"!"&AF$61&$AM73),"") | AG73: =IFERROR(INDIRECT("'Bloque "&$Z$24&" Semana "&$Z$23&"'"&"!"&AG$61&$AM73),"") | AH73: =IFERROR(INDIRECT("'Bloque "&$Z$24&" Semana "&$Z$23&"'"&"!"&AH$61&$AM73),"") | AI73: =IFERROR(INDIRECT("'Bloque "&$Z$24&" Semana "&$Z$23&"'"&"!"&AI$61&$AM73),"") | AJ73: =IFERROR(INDIRECT("'Bloque "&$Z$24&" Semana "&$Z$23&"'"&"!"&AJ$61&$AM73),"") | AK73: =IFERROR(INDIRECT("'Bloque "&$Z$24&" Semana "&$Z$23&"'"&"!"&AK$61&$AM73),"") | AL73: =IFERROR(INDIRECT("'Bloque "&$Z$24&" Semana "&$Z$23&"'"&"!"&AL$61&$AM73),"") | AM73: 35 | AN73: =IFERROR(INDIRECT("'Bloque "&$AA$24&" Semana "&$AA$23&"'"&"!"&AN$61&$AU73),"") | AO73: =IFERROR(INDIRECT("'Bloque "&$AA$24&" Semana "&$AA$23&"'"&"!"&AO$61&$AU73),"") | AP73: =IFERROR(INDIRECT("'Bloque "&$AA$24&" Semana "&$AA$23&"'"&"!"&AP$61&$AU73),"") | AQ73: =IFERROR(INDIRECT("'Bloque "&$AA$24&" Semana "&$AA$23&"'"&"!"&AQ$61&$AU73),"") | AR73: =IFERROR(INDIRECT("'Bloque "&$AA$24&" Semana "&$AA$23&"'"&"!"&AR$61&$AU73),"") | AS73: =IFERROR(INDIRECT("'Bloque "&$AA$24&" Semana "&$AA$23&"'"&"!"&AS$61&$AU73),"") | AT73: =IFERROR(INDIRECT("'Bloque "&$AA$24&" Semana "&$AA$23&"'"&"!"&AT$61&$AU73),"") | AU73: 35
X75: E | Y75: F | Z75: K | AA75: N | AB75: R | AC75: S | AD75: T | AF75: E | AG75: F | AH75: K | AI75: N | AJ75: R | AK75: S | AL75: T | AN75: E | AO75: F | AP75: K | AQ75: N | AR75: R | AS75: S | AT75: T
X76: {=IFERROR(INDIRECT("'Bloque "&$AB$24&" Semana "&$AB$23&"'"&"!"&"E37"),"")} | AE76: 26 | AF76: {=IFERROR(INDIRECT("'Bloque "&$AC$24&" Semana "&$AC$23&"'"&"!"&"E37"),"")} | AM76: 26 | AN76: {=IFERROR(INDIRECT("'Bloque "&$AD$24&" Semana "&$AD$23&"'"&"!"&"E37"),"")} | AU76: 26
X77: {=IFERROR(INDIRECT("'Bloque "&$AB$24&" Semana "&$AB$23&"'"&"!"&"E25"),"")} | AE77: 25 | AF77: {=IFERROR(INDIRECT("'Bloque "&$AC$24&" Semana "&$AC$23&"'"&"!"&"E25"),"")} | AM77: 25 | AN77: {=IFERROR(INDIRECT("'Bloque "&$AD$24&" Semana "&$AD$23&"'"&"!"&"E25"),"")} | AU77: 25
X78: {=IFERROR(INDIRECT("'Bloque "&$AB$24&" Semana "&$AB$23&"'"&"!"&"E26"),"")} | AE78: 26 | AF78: {=IFERROR(INDIRECT("'Bloque "&$AC$24&" Semana "&$AC$23&"'"&"!"&"E26"),"")} | AM78: 26 | AN78: {=IFERROR(INDIRECT("'Bloque "&$AD$24&" Semana "&$AD$23&"'"&"!"&"E26"),"")} | AU78: 26
X79: =IFERROR(INDIRECT("'Bloque "&$AB$24&" Semana "&$AB$23&"'"&"!"&X$75&$AE79),"") | Y79: =IFERROR(INDIRECT("'Bloque "&$AB$24&" Semana "&$AB$23&"'"&"!"&Y$75&$AE79),"") | Z79: =IFERROR(INDIRECT("'Bloque "&$AB$24&" Semana "&$AB$23&"'"&"!"&Z$75&$AE79),"") | AA79: =IFERROR(INDIRECT("'Bloque "&$AB$24&" Semana "&$AB$23&"'"&"!"&AA$75&$AE79),"") | AB79: =IFERROR(INDIRECT("'Bloque "&$AB$24&" Semana "&$AB$23&"'"&"!"&AB$75&$AE79),"") | AC79: =IFERROR(INDIRECT("'Bloque "&$AB$24&" Semana "&$AB$23&"'"&"!"&AC$75&$AE79),"") | AD79: =IFERROR(INDIRECT("'Bloque "&$AB$24&" Semana "&$AB$23&"'"&"!"&AD$75&$AE79),"") | AE79: 27 | AF79: =IFERROR(INDIRECT("'Bloque "&$AC$24&" Semana "&$AC$23&"'"&"!"&AF$75&$AM79),"") | AG79: =IFERROR(INDIRECT("'Bloque "&$AC$24&" Semana "&$AC$23&"'"&"!"&AG$75&$AM79),"") | AH79: =IFERROR(INDIRECT("'Bloque "&$AC$24&" Semana "&$AC$23&"'"&"!"&AH$75&$AM79),"") | AI79: =IFERROR(INDIRECT("'Bloque "&$AC$24&" Semana "&$AC$23&"'"&"!"&AI$75&$AM79),"") | AJ79: =IFERROR(INDIRECT("'Bloque "&$AC$24&" Semana "&$AC$23&"'"&"!"&AJ$75&$AM79),"") | AK79: =IFERROR(INDIRECT("'Bloque "&$AC$24&" Semana "&$AC$23&"'"&"!"&AK$75&$AM79),"") | AL79: =IFERROR(INDIRECT("'Bloque "&$AC$24&" Semana "&$AC$23&"'"&"!"&AL$75&$AM79),"") | AM79: 27 | AN79: =IFERROR(INDIRECT("'Bloque "&$AD$24&" Semana "&$AD$23&"'"&"!"&AN$75&$AU79),"") | AO79: =IFERROR(INDIRECT("'Bloque "&$AD$24&" Semana "&$AD$23&"'"&"!"&AO$75&$AU79),"") | AP79: =IFERROR(INDIRECT("'Bloque "&$AD$24&" Semana "&$AD$23&"'"&"!"&AP$75&$AU79),"") | AQ79: =IFERROR(INDIRECT("'Bloque "&$AD$24&" Semana "&$AD$23&"'"&"!"&AQ$75&$AU79),"") | AR79: =IFERROR(INDIRECT("'Bloque "&$AD$24&" Semana "&$AD$23&"'"&"!"&AR$75&$AU79),"") | AS79: =IFERROR(INDIRECT("'Bloque "&$AD$24&" Semana "&$AD$23&"'"&"!"&AS$75&$AU79),"") | AT79: =IFERROR(INDIRECT("'Bloque "&$AD$24&" Semana "&$AD$23&"'"&"!"&AT$75&$AU79),"") | AU79: 27
X80: =IFERROR(INDIRECT("'Bloque "&$AB$24&" Semana "&$AB$23&"'"&"!"&X$75&$AE80),"") | Y80: =IFERROR(INDIRECT("'Bloque "&$AB$24&" Semana "&$AB$23&"'"&"!"&Y$75&$AE80),"") | Z80: =IFERROR(INDIRECT("'Bloque "&$AB$24&" Semana "&$AB$23&"'"&"!"&Z$75&$AE80),"") | AA80: =IFERROR(INDIRECT("'Bloque "&$AB$24&" Semana "&$AB$23&"'"&"!"&AA$75&$AE80),"") | AB80: =IFERROR(INDIRECT("'Bloque "&$AB$24&" Semana "&$AB$23&"'"&"!"&AB$75&$AE80),"") | AC80: =IFERROR(INDIRECT("'Bloque "&$AB$24&" Semana "&$AB$23&"'"&"!"&AC$75&$AE80),"") | AD80: =IFERROR(INDIRECT("'Bloque "&$AB$24&" Semana "&$AB$23&"'"&"!"&AD$75&$AE80),"") | AE80: 28 | AF80: =IFERROR(INDIRECT("'Bloque "&$AC$24&" Semana "&$AC$23&"'"&"!"&AF$75&$AM80),"") | AG80: =IFERROR(INDIRECT("'Bloque "&$AC$24&" Semana "&$AC$23&"'"&"!"&AG$75&$AM80),"") | AH80: =IFERROR(INDIRECT("'Bloque "&$AC$24&" Semana "&$AC$23&"'"&"!"&AH$75&$AM80),"") | AI80: =IFERROR(INDIRECT("'Bloque "&$AC$24&" Semana "&$AC$23&"'"&"!"&AI$75&$AM80),"") | AJ80: =IFERROR(INDIRECT("'Bloque "&$AC$24&" Semana "&$AC$23&"'"&"!"&AJ$75&$AM80),"") | AK80: =IFERROR(INDIRECT("'Bloque "&$AC$24&" Semana "&$AC$23&"'"&"!"&AK$75&$AM80),"") | AL80: =IFERROR(INDIRECT("'Bloque "&$AC$24&" Semana "&$AC$23&"'"&"!"&AL$75&$AM80),"") | AM80: 28 | AN80: =IFERROR(INDIRECT("'Bloque "&$AD$24&" Semana "&$AD$23&"'"&"!"&AN$75&$AU80),"") | AO80: =IFERROR(INDIRECT("'Bloque "&$AD$24&" Semana "&$AD$23&"'"&"!"&AO$75&$AU80),"") | AP80: =IFERROR(INDIRECT("'Bloque "&$AD$24&" Semana "&$AD$23&"'"&"!"&AP$75&$AU80),"") | AQ80: =IFERROR(INDIRECT("'Bloque "&$AD$24&" Semana "&$AD$23&"'"&"!"&AQ$75&$AU80),"") | AR80: =IFERROR(INDIRECT("'Bloque "&$AD$24&" Semana "&$AD$23&"'"&"!"&AR$75&$AU80),"") | AS80: =IFERROR(INDIRECT("'Bloque "&$AD$24&" Semana "&$AD$23&"'"&"!"&AS$75&$AU80),"") | AT80: =IFERROR(INDIRECT("'Bloque "&$AD$24&" Semana "&$AD$23&"'"&"!"&AT$75&$AU80),"") | AU80: 28
X81: =IFERROR(INDIRECT("'Bloque "&$AB$24&" Semana "&$AB$23&"'"&"!"&X$75&$AE81),"") | Y81: =IFERROR(INDIRECT("'Bloque "&$AB$24&" Semana "&$AB$23&"'"&"!"&Y$75&$AE81),"") | Z81: =IFERROR(INDIRECT("'Bloque "&$AB$24&" Semana "&$AB$23&"'"&"!"&Z$75&$AE81),"") | AA81: =IFERROR(INDIRECT("'Bloque "&$AB$24&" Semana "&$AB$23&"'"&"!"&AA$75&$AE81),"") | AB81: =IFERROR(INDIRECT("'Bloque "&$AB$24&" Semana "&$AB$23&"'"&"!"&AB$75&$AE81),"") | AC81: =IFERROR(INDIRECT("'Bloque "&$AB$24&" Semana "&$AB$23&"'"&"!"&AC$75&$AE81),"") | AD81: =IFERROR(INDIRECT("'Bloque "&$AB$24&" Semana "&$AB$23&"'"&"!"&AD$75&$AE81),"") | AE81: 29 | AF81: =IFERROR(INDIRECT("'Bloque "&$AC$24&" Semana "&$AC$23&"'"&"!"&AF$75&$AM81),"") | AG81: =IFERROR(INDIRECT("'Bloque "&$AC$24&" Semana "&$AC$23&"'"&"!"&AG$75&$AM81),"") | AH81: =IFERROR(INDIRECT("'Bloque "&$AC$24&" Semana "&$AC$23&"'"&"!"&AH$75&$AM81),"") | AI81: =IFERROR(INDIRECT("'Bloque "&$AC$24&" Semana "&$AC$23&"'"&"!"&AI$75&$AM81),"") | AJ81: =IFERROR(INDIRECT("'Bloque "&$AC$24&" Semana "&$AC$23&"'"&"!"&AJ$75&$AM81),"") | AK81: =IFERROR(INDIRECT("'Bloque "&$AC$24&" Semana "&$AC$23&"'"&"!"&AK$75&$AM81),"") | AL81: =IFERROR(INDIRECT("'Bloque "&$AC$24&" Semana "&$AC$23&"'"&"!"&AL$75&$AM81),"") | AM81: 29 | AN81: =IFERROR(INDIRECT("'Bloque "&$AD$24&" Semana "&$AD$23&"'"&"!"&AN$75&$AU81),"") | AO81: =IFERROR(INDIRECT("'Bloque "&$AD$24&" Semana "&$AD$23&"'"&"!"&AO$75&$AU81),"") | AP81: =IFERROR(INDIRECT("'Bloque "&$AD$24&" Semana "&$AD$23&"'"&"!"&AP$75&$AU81),"") | AQ81: =IFERROR(INDIRECT("'Bloque "&$AD$24&" Semana "&$AD$23&"'"&"!"&AQ$75&$AU81),"") | AR81: =IFERROR(INDIRECT("'Bloque "&$AD$24&" Semana "&$AD$23&"'"&"!"&AR$75&$AU81),"") | AS81: =IFERROR(INDIRECT("'Bloque "&$AD$24&" Semana "&$AD$23&"'"&"!"&AS$75&$AU81),"") | AT81: =IFERROR(INDIRECT("'Bloque "&$AD$24&" Semana "&$AD$23&"'"&"!"&AT$75&$AU81),"") | AU81: 29
X82: =IFERROR(INDIRECT("'Bloque "&$AB$24&" Semana "&$AB$23&"'"&"!"&X$75&$AE82),"") | Y82: =IFERROR(INDIRECT("'Bloque "&$AB$24&" Semana "&$AB$23&"'"&"!"&Y$75&$AE82),"") | Z82: =IFERROR(INDIRECT("'Bloque "&$AB$24&" Semana "&$AB$23&"'"&"!"&Z$75&$AE82),"") | AA82: =IFERROR(INDIRECT("'Bloque "&$AB$24&" Semana "&$AB$23&"'"&"!"&AA$75&$AE82),"") | AB82: =IFERROR(INDIRECT("'Bloque "&$AB$24&" Semana "&$AB$23&"'"&"!"&AB$75&$AE82),"") | AC82: =IFERROR(INDIRECT("'Bloque "&$AB$24&" Semana "&$AB$23&"'"&"!"&AC$75&$AE82),"") | AD82: =IFERROR(INDIRECT("'Bloque "&$AB$24&" Semana "&$AB$23&"'"&"!"&AD$75&$AE82),"") | AE82: 30 | AF82: =IFERROR(INDIRECT("'Bloque "&$AC$24&" Semana "&$AC$23&"'"&"!"&AF$75&$AM82),"") | AG82: =IFERROR(INDIRECT("'Bloque "&$AC$24&" Semana "&$AC$23&"'"&"!"&AG$75&$AM82),"") | AH82: =IFERROR(INDIRECT("'Bloque "&$AC$24&" Semana "&$AC$23&"'"&"!"&AH$75&$AM82),"") | AI82: =IFERROR(INDIRECT("'Bloque "&$AC$24&" Semana "&$AC$23&"'"&"!"&AI$75&$AM82),"") | AJ82: =IFERROR(INDIRECT("'Bloque "&$AC$24&" Semana "&$AC$23&"'"&"!"&AJ$75&$AM82),"") | AK82: =IFERROR(INDIRECT("'Bloque "&$AC$24&" Semana "&$AC$23&"'"&"!"&AK$75&$AM82),"") | AL82: =IFERROR(INDIRECT("'Bloque "&$AC$24&" Semana "&$AC$23&"'"&"!"&AL$75&$AM82),"") | AM82: 30 | AN82: =IFERROR(INDIRECT("'Bloque "&$AD$24&" Semana "&$AD$23&"'"&"!"&AN$75&$AU82),"") | AO82: =IFERROR(INDIRECT("'Bloque "&$AD$24&" Semana "&$AD$23&"'"&"!"&AO$75&$AU82),"") | AP82: =IFERROR(INDIRECT("'Bloque "&$AD$24&" Semana "&$AD$23&"'"&"!"&AP$75&$AU82),"") | AQ82: =IFERROR(INDIRECT("'Bloque "&$AD$24&" Semana "&$AD$23&"'"&"!"&AQ$75&$AU82),"") | AR82: =IFERROR(INDIRECT("'Bloque "&$AD$24&" Semana "&$AD$23&"'"&"!"&AR$75&$AU82),"") | AS82: =IFERROR(INDIRECT("'Bloque "&$AD$24&" Semana "&$AD$23&"'"&"!"&AS$75&$AU82),"") | AT82: =IFERROR(INDIRECT("'Bloque "&$AD$24&" Semana "&$AD$23&"'"&"!"&AT$75&$AU82),"") | AU82: 30
X83: =IFERROR(INDIRECT("'Bloque "&$AB$24&" Semana "&$AB$23&"'"&"!"&X$75&$AE83),"") | Y83: =IFERROR(INDIRECT("'Bloque "&$AB$24&" Semana "&$AB$23&"'"&"!"&Y$75&$AE83),"") | Z83: =IFERROR(INDIRECT("'Bloque "&$AB$24&" Semana "&$AB$23&"'"&"!"&Z$75&$AE83),"") | AA83: =IFERROR(INDIRECT("'Bloque "&$AB$24&" Semana "&$AB$23&"'"&"!"&AA$75&$AE83),"") | AB83: =IFERROR(INDIRECT("'Bloque "&$AB$24&" Semana "&$AB$23&"'"&"!"&AB$75&$AE83),"") | AC83: =IFERROR(INDIRECT("'Bloque "&$AB$24&" Semana "&$AB$23&"'"&"!"&AC$75&$AE83),"") | AD83: =IFERROR(INDIRECT("'Bloque "&$AB$24&" Semana "&$AB$23&"'"&"!"&AD$75&$AE83),"") | AE83: 31 | AF83: =IFERROR(INDIRECT("'Bloque "&$AC$24&" Semana "&$AC$23&"'"&"!"&AF$75&$AM83),"") | AG83: =IFERROR(INDIRECT("'Bloque "&$AC$24&" Semana "&$AC$23&"'"&"!"&AG$75&$AM83),"") | AH83: =IFERROR(INDIRECT("'Bloque "&$AC$24&" Semana "&$AC$23&"'"&"!"&AH$75&$AM83),"") | AI83: =IFERROR(INDIRECT("'Bloque "&$AC$24&" Semana "&$AC$23&"'"&"!"&AI$75&$AM83),"") | AJ83: =IFERROR(INDIRECT("'Bloque "&$AC$24&" Semana "&$AC$23&"'"&"!"&AJ$75&$AM83),"") | AK83: =IFERROR(INDIRECT("'Bloque "&$AC$24&" Semana "&$AC$23&"'"&"!"&AK$75&$AM83),"") | AL83: =IFERROR(INDIRECT("'Bloque "&$AC$24&" Semana "&$AC$23&"'"&"!"&AL$75&$AM83),"") | AM83: 31 | AN83: =IFERROR(INDIRECT("'Bloque "&$AD$24&" Semana "&$AD$23&"'"&"!"&AN$75&$AU83),"") | AO83: =IFERROR(INDIRECT("'Bloque "&$AD$24&" Semana "&$AD$23&"'"&"!"&AO$75&$AU83),"") | AP83: =IFERROR(INDIRECT("'Bloque "&$AD$24&" Semana "&$AD$23&"'"&"!"&AP$75&$AU83),"") | AQ83: =IFERROR(INDIRECT("'Bloque "&$AD$24&" Semana "&$AD$23&"'"&"!"&AQ$75&$AU83),"") | AR83: =IFERROR(INDIRECT("'Bloque "&$AD$24&" Semana "&$AD$23&"'"&"!"&AR$75&$AU83),"") | AS83: =IFERROR(INDIRECT("'Bloque "&$AD$24&" Semana "&$AD$23&"'"&"!"&AS$75&$AU83),"") | AT83: =IFERROR(INDIRECT("'Bloque "&$AD$24&" Semana "&$AD$23&"'"&"!"&AT$75&$AU83),"") | AU83: 31
X84: =IFERROR(INDIRECT("'Bloque "&$AB$24&" Semana "&$AB$23&"'"&"!"&X$75&$AE84),"") | Y84: =IFERROR(INDIRECT("'Bloque "&$AB$24&" Semana "&$AB$23&"'"&"!"&Y$75&$AE84),"") | Z84: =IFERROR(INDIRECT("'Bloque "&$AB$24&" Semana "&$AB$23&"'"&"!"&Z$75&$AE84),"") | AA84: =IFERROR(INDIRECT("'Bloque "&$AB$24&" Semana "&$AB$23&"'"&"!"&AA$75&$AE84),"") | AB84: =IFERROR(INDIRECT("'Bloque "&$AB$24&" Semana "&$AB$23&"'"&"!"&AB$75&$AE84),"") | AC84: =IFERROR(INDIRECT("'Bloque "&$AB$24&" Semana "&$AB$23&"'"&"!"&AC$75&$AE84),"") | AD84: =IFERROR(INDIRECT("'Bloque "&$AB$24&" Semana "&$AB$23&"'"&"!"&AD$75&$AE84),"") | AE84: 32 | AF84: =IFERROR(INDIRECT("'Bloque "&$AC$24&" Semana "&$AC$23&"'"&"!"&AF$75&$AM84),"") | AG84: =IFERROR(INDIRECT("'Bloque "&$AC$24&" Semana "&$AC$23&"'"&"!"&AG$75&$AM84),"") | AH84: =IFERROR(INDIRECT("'Bloque "&$AC$24&" Semana "&$AC$23&"'"&"!"&AH$75&$AM84),"") | AI84: =IFERROR(INDIRECT("'Bloque "&$AC$24&" Semana "&$AC$23&"'"&"!"&AI$75&$AM84),"") | AJ84: =IFERROR(INDIRECT("'Bloque "&$AC$24&" Semana "&$AC$23&"'"&"!"&AJ$75&$AM84),"") | AK84: =IFERROR(INDIRECT("'Bloque "&$AC$24&" Semana "&$AC$23&"'"&"!"&AK$75&$AM84),"") | AL84: =IFERROR(INDIRECT("'Bloque "&$AC$24&" Semana "&$AC$23&"'"&"!"&AL$75&$AM84),"") | AM84: 32 | AN84: =IFERROR(INDIRECT("'Bloque "&$AD$24&" Semana "&$AD$23&"'"&"!"&AN$75&$AU84),"") | AO84: =IFERROR(INDIRECT("'Bloque "&$AD$24&" Semana "&$AD$23&"'"&"!"&AO$75&$AU84),"") | AP84: =IFERROR(INDIRECT("'Bloque "&$AD$24&" Semana "&$AD$23&"'"&"!"&AP$75&$AU84),"") | AQ84: =IFERROR(INDIRECT("'Bloque "&$AD$24&" Semana "&$AD$23&"'"&"!"&AQ$75&$AU84),"") | AR84: =IFERROR(INDIRECT("'Bloque "&$AD$24&" Semana "&$AD$23&"'"&"!"&AR$75&$AU84),"") | AS84: =IFERROR(INDIRECT("'Bloque "&$AD$24&" Semana "&$AD$23&"'"&"!"&AS$75&$AU84),"") | AT84: =IFERROR(INDIRECT("'Bloque "&$AD$24&" Semana "&$AD$23&"'"&"!"&AT$75&$AU84),"") | AU84: 32
X85: =IFERROR(INDIRECT("'Bloque "&$AB$24&" Semana "&$AB$23&"'"&"!"&X$75&$AE85),"") | Y85: =IFERROR(INDIRECT("'Bloque "&$AB$24&" Semana "&$AB$23&"'"&"!"&Y$75&$AE85),"") | Z85: =IFERROR(INDIRECT("'Bloque "&$AB$24&" Semana "&$AB$23&"'"&"!"&Z$75&$AE85),"") | AA85: =IFERROR(INDIRECT("'Bloque "&$AB$24&" Semana "&$AB$23&"'"&"!"&AA$75&$AE85),"") | AB85: =IFERROR(INDIRECT("'Bloque "&$AB$24&" Semana "&$AB$23&"'"&"!"&AB$75&$AE85),"") | AC85: =IFERROR(INDIRECT("'Bloque "&$AB$24&" Semana "&$AB$23&"'"&"!"&AC$75&$AE85),"") | AD85: =IFERROR(INDIRECT("'Bloque "&$AB$24&" Semana "&$AB$23&"'"&"!"&AD$75&$AE85),"") | AE85: 33 | AF85: =IFERROR(INDIRECT("'Bloque "&$AC$24&" Semana "&$AC$23&"'"&"!"&AF$75&$AM85),"") | AG85: =IFERROR(INDIRECT("'Bloque "&$AC$24&" Semana "&$AC$23&"'"&"!"&AG$75&$AM85),"") | AH85: =IFERROR(INDIRECT("'Bloque "&$AC$24&" Semana "&$AC$23&"'"&"!"&AH$75&$AM85),"") | AI85: =IFERROR(INDIRECT("'Bloque "&$AC$24&" Semana "&$AC$23&"'"&"!"&AI$75&$AM85),"") | AJ85: =IFERROR(INDIRECT("'Bloque "&$AC$24&" Semana "&$AC$23&"'"&"!"&AJ$75&$AM85),"") | AK85: =IFERROR(INDIRECT("'Bloque "&$AC$24&" Semana "&$AC$23&"'"&"!"&AK$75&$AM85),"") | AL85: =IFERROR(INDIRECT("'Bloque "&$AC$24&" Semana "&$AC$23&"'"&"!"&AL$75&$AM85),"") | AM85: 33 | AN85: =IFERROR(INDIRECT("'Bloque "&$AD$24&" Semana "&$AD$23&"'"&"!"&AN$75&$AU85),"") | AO85: =IFERROR(INDIRECT("'Bloque "&$AD$24&" Semana "&$AD$23&"'"&"!"&AO$75&$AU85),"") | AP85: =IFERROR(INDIRECT("'Bloque "&$AD$24&" Semana "&$AD$23&"'"&"!"&AP$75&$AU85),"") | AQ85: =IFERROR(INDIRECT("'Bloque "&$AD$24&" Semana "&$AD$23&"'"&"!"&AQ$75&$AU85),"") | AR85: =IFERROR(INDIRECT("'Bloque "&$AD$24&" Semana "&$AD$23&"'"&"!"&AR$75&$AU85),"") | AS85: =IFERROR(INDIRECT("'Bloque "&$AD$24&" Semana "&$AD$23&"'"&"!"&AS$75&$AU85),"") | AT85: =IFERROR(INDIRECT("'Bloque "&$AD$24&" Semana "&$AD$23&"'"&"!"&AT$75&$AU85),"") | AU85: 33
X86: =IFERROR(INDIRECT("'Bloque "&$AB$24&" Semana "&$AB$23&"'"&"!"&X$75&$AE86),"") | Y86: =IFERROR(INDIRECT("'Bloque "&$AB$24&" Semana "&$AB$23&"'"&"!"&Y$75&$AE86),"") | Z86: =IFERROR(INDIRECT("'Bloque "&$AB$24&" Semana "&$AB$23&"'"&"!"&Z$75&$AE86),"") | AA86: =IFERROR(INDIRECT("'Bloque "&$AB$24&" Semana "&$AB$23&"'"&"!"&AA$75&$AE86),"") | AB86: =IFERROR(INDIRECT("'Bloque "&$AB$24&" Semana "&$AB$23&"'"&"!"&AB$75&$AE86),"") | AC86: =IFERROR(INDIRECT("'Bloque "&$AB$24&" Semana "&$AB$23&"'"&"!"&AC$75&$AE86),"") | AD86: =IFERROR(INDIRECT("'Bloque "&$AB$24&" Semana "&$AB$23&"'"&"!"&AD$75&$AE86),"") | AE86: 34 | AF86: =IFERROR(INDIRECT("'Bloque "&$AC$24&" Semana "&$AC$23&"'"&"!"&AF$75&$AM86),"") | AG86: =IFERROR(INDIRECT("'Bloque "&$AC$24&" Semana "&$AC$23&"'"&"!"&AG$75&$AM86),"") | AH86: =IFERROR(INDIRECT("'Bloque "&$AC$24&" Semana "&$AC$23&"'"&"!"&AH$75&$AM86),"") | AI86: =IFERROR(INDIRECT("'Bloque "&$AC$24&" Semana "&$AC$23&"'"&"!"&AI$75&$AM86),"") | AJ86: =IFERROR(INDIRECT("'Bloque "&$AC$24&" Semana "&$AC$23&"'"&"!"&AJ$75&$AM86),"") | AK86: =IFERROR(INDIRECT("'Bloque "&$AC$24&" Semana "&$AC$23&"'"&"!"&AK$75&$AM86),"") | AL86: =IFERROR(INDIRECT("'Bloque "&$AC$24&" Semana "&$AC$23&"'"&"!"&AL$75&$AM86),"") | AM86: 34 | AN86: =IFERROR(INDIRECT("'Bloque "&$AD$24&" Semana "&$AD$23&"'"&"!"&AN$75&$AU86),"") | AO86: =IFERROR(INDIRECT("'Bloque "&$AD$24&" Semana "&$AD$23&"'"&"!"&AO$75&$AU86),"") | AP86: =IFERROR(INDIRECT("'Bloque "&$AD$24&" Semana "&$AD$23&"'"&"!"&AP$75&$AU86),"") | AQ86: =IFERROR(INDIRECT("'Bloque "&$AD$24&" Semana "&$AD$23&"'"&"!"&AQ$75&$AU86),"") | AR86: =IFERROR(INDIRECT("'Bloque "&$AD$24&" Semana "&$AD$23&"'"&"!"&AR$75&$AU86),"") | AS86: =IFERROR(INDIRECT("'Bloque "&$AD$24&" Semana "&$AD$23&"'"&"!"&AS$75&$AU86),"") | AT86: =IFERROR(INDIRECT("'Bloque "&$AD$24&" Semana "&$AD$23&"'"&"!"&AT$75&$AU86),"") | AU86: 34
X87: =IFERROR(INDIRECT("'Bloque "&$AB$24&" Semana "&$AB$23&"'"&"!"&X$75&$AE87),"") | Y87: =IFERROR(INDIRECT("'Bloque "&$AB$24&" Semana "&$AB$23&"'"&"!"&Y$75&$AE87),"") | Z87: =IFERROR(INDIRECT("'Bloque "&$AB$24&" Semana "&$AB$23&"'"&"!"&Z$75&$AE87),"") | AA87: =IFERROR(INDIRECT("'Bloque "&$AB$24&" Semana "&$AB$23&"'"&"!"&AA$75&$AE87),"") | AB87: =IFERROR(INDIRECT("'Bloque "&$AB$24&" Semana "&$AB$23&"'"&"!"&AB$75&$AE87),"") | AC87: =IFERROR(INDIRECT("'Bloque "&$AB$24&" Semana "&$AB$23&"'"&"!"&AC$75&$AE87),"") | AD87: =IFERROR(INDIRECT("'Bloque "&$AB$24&" Semana "&$AB$23&"'"&"!"&AD$75&$AE87),"") | AE87: 35 | AF87: =IFERROR(INDIRECT("'Bloque "&$AC$24&" Semana "&$AC$23&"'"&"!"&AF$75&$AM87),"") | AG87: =IFERROR(INDIRECT("'Bloque "&$AC$24&" Semana "&$AC$23&"'"&"!"&AG$75&$AM87),"") | AH87: =IFERROR(INDIRECT("'Bloque "&$AC$24&" Semana "&$AC$23&"'"&"!"&AH$75&$AM87),"") | AI87: =IFERROR(INDIRECT("'Bloque "&$AC$24&" Semana "&$AC$23&"'"&"!"&AI$75&$AM87),"") | AJ87: =IFERROR(INDIRECT("'Bloque "&$AC$24&" Semana "&$AC$23&"'"&"!"&AJ$75&$AM87),"") | AK87: =IFERROR(INDIRECT("'Bloque "&$AC$24&" Semana "&$AC$23&"'"&"!"&AK$75&$AM87),"") | AL87: =IFERROR(INDIRECT("'Bloque "&$AC$24&" Semana "&$AC$23&"'"&"!"&AL$75&$AM87),"") | AM87: 35 | AN87: =IFERROR(INDIRECT("'Bloque "&$AD$24&" Semana "&$AD$23&"'"&"!"&AN$75&$AU87),"") | AO87: =IFERROR(INDIRECT("'Bloque "&$AD$24&" Semana "&$AD$23&"'"&"!"&AO$75&$AU87),"") | AP87: =IFERROR(INDIRECT("'Bloque "&$AD$24&" Semana "&$AD$23&"'"&"!"&AP$75&$AU87),"") | AQ87: =IFERROR(INDIRECT("'Bloque "&$AD$24&" Semana "&$AD$23&"'"&"!"&AQ$75&$AU87),"") | AR87: =IFERROR(INDIRECT("'Bloque "&$AD$24&" Semana "&$AD$23&"'"&"!"&AR$75&$AU87),"") | AS87: =IFERROR(INDIRECT("'Bloque "&$AD$24&" Semana "&$AD$23&"'"&"!"&AS$75&$AU87),"") | AT87: =IFERROR(INDIRECT("'Bloque "&$AD$24&" Semana "&$AD$23&"'"&"!"&AT$75&$AU87),"") | AU87: 35
X89: E | Y89: F | Z89: K | AA89: N | AB89: R | AC89: S | AD89: T | AF89: E | AG89: F | AH89: K | AI89: N | AJ89: R | AK89: S | AL89: T | AN89: E | AO89: F | AP89: K | AQ89: N | AR89: R | AS89: S | AT89: T
X90: {=IFERROR(INDIRECT("'Bloque "&$AE$24&" Semana "&$AE$23&"'"&"!"&"E37"),"")} | AE90: 26 | AF90: {=IFERROR(INDIRECT("'Bloque "&$AF$24&" Semana "&$AF$23&"'"&"!"&"E37"),"")} | AM90: 26 | AN90: {=IFERROR(INDIRECT("'Bloque "&$AG$24&" Semana "&$AG$23&"'"&"!"&"E37"),"")} | AU90: 26
X91: {=IFERROR(INDIRECT("'Bloque "&$AE$24&" Semana "&$AE$23&"'"&"!"&"E25"),"")} | AE91: 25 | AF91: {=IFERROR(INDIRECT("'Bloque "&$AF$24&" Semana "&$AF$23&"'"&"!"&"E25"),"")} | AM91: 25 | AN91: {=IFERROR(INDIRECT("'Bloque "&$AG$24&" Semana "&$AG$23&"'"&"!"&"E25"),"")} | AU91: 25
X92: {=IFERROR(INDIRECT("'Bloque "&$AE$24&" Semana "&$AE$23&"'"&"!"&"E26"),"")} | AE92: 26 | AF92: {=IFERROR(INDIRECT("'Bloque "&$AF$24&" Semana "&$AF$23&"'"&"!"&"E26"),"")} | AM92: 26 | AN92: {=IFERROR(INDIRECT("'Bloque "&$AG$24&" Semana "&$AG$23&"'"&"!"&"E26"),"")} | AU92: 26
X93: =IFERROR(INDIRECT("'Bloque "&$AE$24&" Semana "&$AE$23&"'"&"!"&X$89&$AE93),"") | Y93: =IFERROR(INDIRECT("'Bloque "&$AE$24&" Semana "&$AE$23&"'"&"!"&Y$89&$AE93),"") | Z93: =IFERROR(INDIRECT("'Bloque "&$AE$24&" Semana "&$AE$23&"'"&"!"&Z$89&$AE93),"") | AA93: =IFERROR(INDIRECT("'Bloque "&$AE$24&" Semana "&$AE$23&"'"&"!"&AA$89&$AE93),"") | AB93: =IFERROR(INDIRECT("'Bloque "&$AE$24&" Semana "&$AE$23&"'"&"!"&AB$89&$AE93),"") | AC93: =IFERROR(INDIRECT("'Bloque "&$AE$24&" Semana "&$AE$23&"'"&"!"&AC$89&$AE93),"") | AD93: =IFERROR(INDIRECT("'Bloque "&$AE$24&" Semana "&$AE$23&"'"&"!"&AD$89&$AE93),"") | AE93: 27 | AF93: =IFERROR(INDIRECT("'Bloque "&$AF$24&" Semana "&$AF$23&"'"&"!"&AF$89&$AM93),"") | AG93: =IFERROR(INDIRECT("'Bloque "&$AF$24&" Semana "&$AF$23&"'"&"!"&AG$89&$AM93),"") | AH93: =IFERROR(INDIRECT("'Bloque "&$AF$24&" Semana "&$AF$23&"'"&"!"&AH$89&$AM93),"") | AI93: =IFERROR(INDIRECT("'Bloque "&$AF$24&" Semana "&$AF$23&"'"&"!"&AI$89&$AM93),"") | AJ93: =IFERROR(INDIRECT("'Bloque "&$AF$24&" Semana "&$AF$23&"'"&"!"&AJ$89&$AM93),"") | AK93: =IFERROR(INDIRECT("'Bloque "&$AF$24&" Semana "&$AF$23&"'"&"!"&AK$89&$AM93),"") | AL93: =IFERROR(INDIRECT("'Bloque "&$AF$24&" Semana "&$AF$23&"'"&"!"&AL$89&$AM93),"") | AM93: 27 | AN93: =IFERROR(INDIRECT("'Bloque "&$AG$24&" Semana "&$AG$23&"'"&"!"&AN$89&$AU93),"") | AO93: =IFERROR(INDIRECT("'Bloque "&$AG$24&" Semana "&$AG$23&"'"&"!"&AO$89&$AU93),"") | AP93: =IFERROR(INDIRECT("'Bloque "&$AG$24&" Semana "&$AG$23&"'"&"!"&AP$89&$AU93),"") | AQ93: =IFERROR(INDIRECT("'Bloque "&$AG$24&" Semana "&$AG$23&"'"&"!"&AQ$89&$AU93),"") | AR93: =IFERROR(INDIRECT("'Bloque "&$AG$24&" Semana "&$AG$23&"'"&"!"&AR$89&$AU93),"") | AS93: =IFERROR(INDIRECT("'Bloque "&$AG$24&" Semana "&$AG$23&"'"&"!"&AS$89&$AU93),"") | AT93: =IFERROR(INDIRECT("'Bloque "&$AG$24&" Semana "&$AG$23&"'"&"!"&AT$89&$AU93),"") | AU93: 27
X94: =IFERROR(INDIRECT("'Bloque "&$AE$24&" Semana "&$AE$23&"'"&"!"&X$89&$AE94),"") | Y94: =IFERROR(INDIRECT("'Bloque "&$AE$24&" Semana "&$AE$23&"'"&"!"&Y$89&$AE94),"") | Z94: =IFERROR(INDIRECT("'Bloque "&$AE$24&" Semana "&$AE$23&"'"&"!"&Z$89&$AE94),"") | AA94: =IFERROR(INDIRECT("'Bloque "&$AE$24&" Semana "&$AE$23&"'"&"!"&AA$89&$AE94),"") | AB94: =IFERROR(INDIRECT("'Bloque "&$AE$24&" Semana "&$AE$23&"'"&"!"&AB$89&$AE94),"") | AC94: =IFERROR(INDIRECT("'Bloque "&$AE$24&" Semana "&$AE$23&"'"&"!"&AC$89&$AE94),"") | AD94: =IFERROR(INDIRECT("'Bloque "&$AE$24&" Semana "&$AE$23&"'"&"!"&AD$89&$AE94),"") | AE94: 28 | AF94: =IFERROR(INDIRECT("'Bloque "&$AF$24&" Semana "&$AF$23&"'"&"!"&AF$89&$AM94),"") | AG94: =IFERROR(INDIRECT("'Bloque "&$AF$24&" Semana "&$AF$23&"'"&"!"&AG$89&$AM94),"") | AH94: =IFERROR(INDIRECT("'Bloque "&$AF$24&" Semana "&$AF$23&"'"&"!"&AH$89&$AM94),"") | AI94: =IFERROR(INDIRECT("'Bloque "&$AF$24&" Semana "&$AF$23&"'"&"!"&AI$89&$AM94),"") | AJ94: =IFERROR(INDIRECT("'Bloque "&$AF$24&" Semana "&$AF$23&"'"&"!"&AJ$89&$AM94),"") | AK94: =IFERROR(INDIRECT("'Bloque "&$AF$24&" Semana "&$AF$23&"'"&"!"&AK$89&$AM94),"") | AL94: =IFERROR(INDIRECT("'Bloque "&$AF$24&" Semana "&$AF$23&"'"&"!"&AL$89&$AM94),"") | AM94: 28 | AN94: =IFERROR(INDIRECT("'Bloque "&$AG$24&" Semana "&$AG$23&"'"&"!"&AN$89&$AU94),"") | AO94: =IFERROR(INDIRECT("'Bloque "&$AG$24&" Semana "&$AG$23&"'"&"!"&AO$89&$AU94),"") | AP94: =IFERROR(INDIRECT("'Bloque "&$AG$24&" Semana "&$AG$23&"'"&"!"&AP$89&$AU94),"") | AQ94: =IFERROR(INDIRECT("'Bloque "&$AG$24&" Semana "&$AG$23&"'"&"!"&AQ$89&$AU94),"") | AR94: =IFERROR(INDIRECT("'Bloque "&$AG$24&" Semana "&$AG$23&"'"&"!"&AR$89&$AU94),"") | AS94: =IFERROR(INDIRECT("'Bloque "&$AG$24&" Semana "&$AG$23&"'"&"!"&AS$89&$AU94),"") | AT94: =IFERROR(INDIRECT("'Bloque "&$AG$24&" Semana "&$AG$23&"'"&"!"&AT$89&$AU94),"") | AU94: 28
X95: =IFERROR(INDIRECT("'Bloque "&$AE$24&" Semana "&$AE$23&"'"&"!"&X$89&$AE95),"") | Y95: =IFERROR(INDIRECT("'Bloque "&$AE$24&" Semana "&$AE$23&"'"&"!"&Y$89&$AE95),"") | Z95: =IFERROR(INDIRECT("'Bloque "&$AE$24&" Semana "&$AE$23&"'"&"!"&Z$89&$AE95),"") | AA95: =IFERROR(INDIRECT("'Bloque "&$AE$24&" Semana "&$AE$23&"'"&"!"&AA$89&$AE95),"") | AB95: =IFERROR(INDIRECT("'Bloque "&$AE$24&" Semana "&$AE$23&"'"&"!"&AB$89&$AE95),"") | AC95: =IFERROR(INDIRECT("'Bloque "&$AE$24&" Semana "&$AE$23&"'"&"!"&AC$89&$AE95),"") | AD95: =IFERROR(INDIRECT("'Bloque "&$AE$24&" Semana "&$AE$23&"'"&"!"&AD$89&$AE95),"") | AE95: 29 | AF95: =IFERROR(INDIRECT("'Bloque "&$AF$24&" Semana "&$AF$23&"'"&"!"&AF$89&$AM95),"") | AG95: =IFERROR(INDIRECT("'Bloque "&$AF$24&" Semana "&$AF$23&"'"&"!"&AG$89&$AM95),"") | AH95: =IFERROR(INDIRECT("'Bloque "&$AF$24&" Semana "&$AF$23&"'"&"!"&AH$89&$AM95),"") | AI95: =IFERROR(INDIRECT("'Bloque "&$AF$24&" Semana "&$AF$23&"'"&"!"&AI$89&$AM95),"") | AJ95: =IFERROR(INDIRECT("'Bloque "&$AF$24&" Semana "&$AF$23&"'"&"!"&AJ$89&$AM95),"") | AK95: =IFERROR(INDIRECT("'Bloque "&$AF$24&" Semana "&$AF$23&"'"&"!"&AK$89&$AM95),"") | AL95: =IFERROR(INDIRECT("'Bloque "&$AF$24&" Semana "&$AF$23&"'"&"!"&AL$89&$AM95),"") | AM95: 29 | AN95: =IFERROR(INDIRECT("'Bloque "&$AG$24&" Semana "&$AG$23&"'"&"!"&AN$89&$AU95),"") | AO95: =IFERROR(INDIRECT("'Bloque "&$AG$24&" Semana "&$AG$23&"'"&"!"&AO$89&$AU95),"") | AP95: =IFERROR(INDIRECT("'Bloque "&$AG$24&" Semana "&$AG$23&"'"&"!"&AP$89&$AU95),"") | AQ95: =IFERROR(INDIRECT("'Bloque "&$AG$24&" Semana "&$AG$23&"'"&"!"&AQ$89&$AU95),"") | AR95: =IFERROR(INDIRECT("'Bloque "&$AG$24&" Semana "&$AG$23&"'"&"!"&AR$89&$AU95),"") | AS95: =IFERROR(INDIRECT("'Bloque "&$AG$24&" Semana "&$AG$23&"'"&"!"&AS$89&$AU95),"") | AT95: =IFERROR(INDIRECT("'Bloque "&$AG$24&" Semana "&$AG$23&"'"&"!"&AT$89&$AU95),"") | AU95: 29
X96: =IFERROR(INDIRECT("'Bloque "&$AE$24&" Semana "&$AE$23&"'"&"!"&X$89&$AE96),"") | Y96: =IFERROR(INDIRECT("'Bloque "&$AE$24&" Semana "&$AE$23&"'"&"!"&Y$89&$AE96),"") | Z96: =IFERROR(INDIRECT("'Bloque "&$AE$24&" Semana "&$AE$23&"'"&"!"&Z$89&$AE96),"") | AA96: =IFERROR(INDIRECT("'Bloque "&$AE$24&" Semana "&$AE$23&"'"&"!"&AA$89&$AE96),"") | AB96: =IFERROR(INDIRECT("'Bloque "&$AE$24&" Semana "&$AE$23&"'"&"!"&AB$89&$AE96),"") | AC96: =IFERROR(INDIRECT("'Bloque "&$AE$24&" Semana "&$AE$23&"'"&"!"&AC$89&$AE96),"") | AD96: =IFERROR(INDIRECT("'Bloque "&$AE$24&" Semana "&$AE$23&"'"&"!"&AD$89&$AE96),"") | AE96: 30 | AF96: =IFERROR(INDIRECT("'Bloque "&$AF$24&" Semana "&$AF$23&"'"&"!"&AF$89&$AM96),"") | AG96: =IFERROR(INDIRECT("'Bloque "&$AF$24&" Semana "&$AF$23&"'"&"!"&AG$89&$AM96),"") | AH96: =IFERROR(INDIRECT("'Bloque "&$AF$24&" Semana "&$AF$23&"'"&"!"&AH$89&$AM96),"") | AI96: =IFERROR(INDIRECT("'Bloque "&$AF$24&" Semana "&$AF$23&"'"&"!"&AI$89&$AM96),"") | AJ96: =IFERROR(INDIRECT("'Bloque "&$AF$24&" Semana "&$AF$23&"'"&"!"&AJ$89&$AM96),"") | AK96: =IFERROR(INDIRECT("'Bloque "&$AF$24&" Semana "&$AF$23&"'"&"!"&AK$89&$AM96),"") | AL96: =IFERROR(INDIRECT("'Bloque "&$AF$24&" Semana "&$AF$23&"'"&"!"&AL$89&$AM96),"") | AM96: 30 | AN96: =IFERROR(INDIRECT("'Bloque "&$AG$24&" Semana "&$AG$23&"'"&"!"&AN$89&$AU96),"") | AO96: =IFERROR(INDIRECT("'Bloque "&$AG$24&" Semana "&$AG$23&"'"&"!"&AO$89&$AU96),"") | AP96: =IFERROR(INDIRECT("'Bloque "&$AG$24&" Semana "&$AG$23&"'"&"!"&AP$89&$AU96),"") | AQ96: =IFERROR(INDIRECT("'Bloque "&$AG$24&" Semana "&$AG$23&"'"&"!"&AQ$89&$AU96),"") | AR96: =IFERROR(INDIRECT("'Bloque "&$AG$24&" Semana "&$AG$23&"'"&"!"&AR$89&$AU96),"") | AS96: =IFERROR(INDIRECT("'Bloque "&$AG$24&" Semana "&$AG$23&"'"&"!"&AS$89&$AU96),"") | AT96: =IFERROR(INDIRECT("'Bloque "&$AG$24&" Semana "&$AG$23&"'"&"!"&AT$89&$AU96),"") | AU96: 30
X97: =IFERROR(INDIRECT("'Bloque "&$AE$24&" Semana "&$AE$23&"'"&"!"&X$89&$AE97),"") | Y97: =IFERROR(INDIRECT("'Bloque "&$AE$24&" Semana "&$AE$23&"'"&"!"&Y$89&$AE97),"") | Z97: =IFERROR(INDIRECT("'Bloque "&$AE$24&" Semana "&$AE$23&"'"&"!"&Z$89&$AE97),"") | AA97: =IFERROR(INDIRECT("'Bloque "&$AE$24&" Semana "&$AE$23&"'"&"!"&AA$89&$AE97),"") | AB97: =IFERROR(INDIRECT("'Bloque "&$AE$24&" Semana "&$AE$23&"'"&"!"&AB$89&$AE97),"") | AC97: =IFERROR(INDIRECT("'Bloque "&$AE$24&" Semana "&$AE$23&"'"&"!"&AC$89&$AE97),"") | AD97: =IFERROR(INDIRECT("'Bloque "&$AE$24&" Semana "&$AE$23&"'"&"!"&AD$89&$AE97),"") | AE97: 31 | AF97: =IFERROR(INDIRECT("'Bloque "&$AF$24&" Semana "&$AF$23&"'"&"!"&AF$89&$AM97),"") | AG97: =IFERROR(INDIRECT("'Bloque "&$AF$24&" Semana "&$AF$23&"'"&"!"&AG$89&$AM97),"") | AH97: =IFERROR(INDIRECT("'Bloque "&$AF$24&" Semana "&$AF$23&"'"&"!"&AH$89&$AM97),"") | AI97: =IFERROR(INDIRECT("'Bloque "&$AF$24&" Semana "&$AF$23&"'"&"!"&AI$89&$AM97),"") | AJ97: =IFERROR(INDIRECT("'Bloque "&$AF$24&" Semana "&$AF$23&"'"&"!"&AJ$89&$AM97),"") | AK97: =IFERROR(INDIRECT("'Bloque "&$AF$24&" Semana "&$AF$23&"'"&"!"&AK$89&$AM97),"") | AL97: =IFERROR(INDIRECT("'Bloque "&$AF$24&" Semana "&$AF$23&"'"&"!"&AL$89&$AM97),"") | AM97: 31 | AN97: =IFERROR(INDIRECT("'Bloque "&$AG$24&" Semana "&$AG$23&"'"&"!"&AN$89&$AU97),"") | AO97: =IFERROR(INDIRECT("'Bloque "&$AG$24&" Semana "&$AG$23&"'"&"!"&AO$89&$AU97),"") | AP97: =IFERROR(INDIRECT("'Bloque "&$AG$24&" Semana "&$AG$23&"'"&"!"&AP$89&$AU97),"") | AQ97: =IFERROR(INDIRECT("'Bloque "&$AG$24&" Semana "&$AG$23&"'"&"!"&AQ$89&$AU97),"") | AR97: =IFERROR(INDIRECT("'Bloque "&$AG$24&" Semana "&$AG$23&"'"&"!"&AR$89&$AU97),"") | AS97: =IFERROR(INDIRECT("'Bloque "&$AG$24&" Semana "&$AG$23&"'"&"!"&AS$89&$AU97),"") | AT97: =IFERROR(INDIRECT("'Bloque "&$AG$24&" Semana "&$AG$23&"'"&"!"&AT$89&$AU97),"") | AU97: 31
X98: =IFERROR(INDIRECT("'Bloque "&$AE$24&" Semana "&$AE$23&"'"&"!"&X$89&$AE98),"") | Y98: =IFERROR(INDIRECT("'Bloque "&$AE$24&" Semana "&$AE$23&"'"&"!"&Y$89&$AE98),"") | Z98: =IFERROR(INDIRECT("'Bloque "&$AE$24&" Semana "&$AE$23&"'"&"!"&Z$89&$AE98),"") | AA98: =IFERROR(INDIRECT("'Bloque "&$AE$24&" Semana "&$AE$23&"'"&"!"&AA$89&$AE98),"") | AB98: =IFERROR(INDIRECT("'Bloque "&$AE$24&" Semana "&$AE$23&"'"&"!"&AB$89&$AE98),"") | AC98: =IFERROR(INDIRECT("'Bloque "&$AE$24&" Semana "&$AE$23&"'"&"!"&AC$89&$AE98),"") | AD98: =IFERROR(INDIRECT("'Bloque "&$AE$24&" Semana "&$AE$23&"'"&"!"&AD$89&$AE98),"") | AE98: 32 | AF98: =IFERROR(INDIRECT("'Bloque "&$AF$24&" Semana "&$AF$23&"'"&"!"&AF$89&$AM98),"") | AG98: =IFERROR(INDIRECT("'Bloque "&$AF$24&" Semana "&$AF$23&"'"&"!"&AG$89&$AM98),"") | AH98: =IFERROR(INDIRECT("'Bloque "&$AF$24&" Semana "&$AF$23&"'"&"!"&AH$89&$AM98),"") | AI98: =IFERROR(INDIRECT("'Bloque "&$AF$24&" Semana "&$AF$23&"'"&"!"&AI$89&$AM98),"") | AJ98: =IFERROR(INDIRECT("'Bloque "&$AF$24&" Semana "&$AF$23&"'"&"!"&AJ$89&$AM98),"") | AK98: =IFERROR(INDIRECT("'Bloque "&$AF$24&" Semana "&$AF$23&"'"&"!"&AK$89&$AM98),"") | AL98: =IFERROR(INDIRECT("'Bloque "&$AF$24&" Semana "&$AF$23&"'"&"!"&AL$89&$AM98),"") | AM98: 32 | AN98: =IFERROR(INDIRECT("'Bloque "&$AG$24&" Semana "&$AG$23&"'"&"!"&AN$89&$AU98),"") | AO98: =IFERROR(INDIRECT("'Bloque "&$AG$24&" Semana "&$AG$23&"'"&"!"&AO$89&$AU98),"") | AP98: =IFERROR(INDIRECT("'Bloque "&$AG$24&" Semana "&$AG$23&"'"&"!"&AP$89&$AU98),"") | AQ98: =IFERROR(INDIRECT("'Bloque "&$AG$24&" Semana "&$AG$23&"'"&"!"&AQ$89&$AU98),"") | AR98: =IFERROR(INDIRECT("'Bloque "&$AG$24&" Semana "&$AG$23&"'"&"!"&AR$89&$AU98),"") | AS98: =IFERROR(INDIRECT("'Bloque "&$AG$24&" Semana "&$AG$23&"'"&"!"&AS$89&$AU98),"") | AT98: =IFERROR(INDIRECT("'Bloque "&$AG$24&" Semana "&$AG$23&"'"&"!"&AT$89&$AU98),"") | AU98: 32
X99: =IFERROR(INDIRECT("'Bloque "&$AE$24&" Semana "&$AE$23&"'"&"!"&X$89&$AE99),"") | Y99: =IFERROR(INDIRECT("'Bloque "&$AE$24&" Semana "&$AE$23&"'"&"!"&Y$89&$AE99),"") | Z99: =IFERROR(INDIRECT("'Bloque "&$AE$24&" Semana "&$AE$23&"'"&"!"&Z$89&$AE99),"") | AA99: =IFERROR(INDIRECT("'Bloque "&$AE$24&" Semana "&$AE$23&"'"&"!"&AA$89&$AE99),"") | AB99: =IFERROR(INDIRECT("'Bloque "&$AE$24&" Semana "&$AE$23&"'"&"!"&AB$89&$AE99),"") | AC99: =IFERROR(INDIRECT("'Bloque "&$AE$24&" Semana "&$AE$23&"'"&"!"&AC$89&$AE99),"") | AD99: =IFERROR(INDIRECT("'Bloque "&$AE$24&" Semana "&$AE$23&"'"&"!"&AD$89&$AE99),"") | AE99: 33 | AF99: =IFERROR(INDIRECT("'Bloque "&$AF$24&" Semana "&$AF$23&"'"&"!"&AF$89&$AM99),"") | AG99: =IFERROR(INDIRECT("'Bloque "&$AF$24&" Semana "&$AF$23&"'"&"!"&AG$89&$AM99),"") | AH99: =IFERROR(INDIRECT("'Bloque "&$AF$24&" Semana "&$AF$23&"'"&"!"&AH$89&$AM99),"") | AI99: =IFERROR(INDIRECT("'Bloque "&$AF$24&" Semana "&$AF$23&"'"&"!"&AI$89&$AM99),"") | AJ99: =IFERROR(INDIRECT("'Bloque "&$AF$24&" Semana "&$AF$23&"'"&"!"&AJ$89&$AM99),"") | AK99: =IFERROR(INDIRECT("'Bloque "&$AF$24&" Semana "&$AF$23&"'"&"!"&AK$89&$AM99),"") | AL99: =IFERROR(INDIRECT("'Bloque "&$AF$24&" Semana "&$AF$23&"'"&"!"&AL$89&$AM99),"") | AM99: 33 | AN99: =IFERROR(INDIRECT("'Bloque "&$AG$24&" Semana "&$AG$23&"'"&"!"&AN$89&$AU99),"") | AO99: =IFERROR(INDIRECT("'Bloque "&$AG$24&" Semana "&$AG$23&"'"&"!"&AO$89&$AU99),"") | AP99: =IFERROR(INDIRECT("'Bloque "&$AG$24&" Semana "&$AG$23&"'"&"!"&AP$89&$AU99),"") | AQ99: =IFERROR(INDIRECT("'Bloque "&$AG$24&" Semana "&$AG$23&"'"&"!"&AQ$89&$AU99),"") | AR99: =IFERROR(INDIRECT("'Bloque "&$AG$24&" Semana "&$AG$23&"'"&"!"&AR$89&$AU99),"") | AS99: =IFERROR(INDIRECT("'Bloque "&$AG$24&" Semana "&$AG$23&"'"&"!"&AS$89&$AU99),"") | AT99: =IFERROR(INDIRECT("'Bloque "&$AG$24&" Semana "&$AG$23&"'"&"!"&AT$89&$AU99),"") | AU99: 33
X100: =IFERROR(INDIRECT("'Bloque "&$AE$24&" Semana "&$AE$23&"'"&"!"&X$89&$AE100),"") | Y100: =IFERROR(INDIRECT("'Bloque "&$AE$24&" Semana "&$AE$23&"'"&"!"&Y$89&$AE100),"") | Z100: =IFERROR(INDIRECT("'Bloque "&$AE$24&" Semana "&$AE$23&"'"&"!"&Z$89&$AE100),"") | AA100: =IFERROR(INDIRECT("'Bloque "&$AE$24&" Semana "&$AE$23&"'"&"!"&AA$89&$AE100),"") | AB100: =IFERROR(INDIRECT("'Bloque "&$AE$24&" Semana "&$AE$23&"'"&"!"&AB$89&$AE100),"") | AC100: =IFERROR(INDIRECT("'Bloque "&$AE$24&" Semana "&$AE$23&"'"&"!"&AC$89&$AE100),"") | AD100: =IFERROR(INDIRECT("'Bloque "&$AE$24&" Semana "&$AE$23&"'"&"!"&AD$89&$AE100),"") | AE100: 34 | AF100: =IFERROR(INDIRECT("'Bloque "&$AF$24&" Semana "&$AF$23&"'"&"!"&AF$89&$AM100),"") | AG100: =IFERROR(INDIRECT("'Bloque "&$AF$24&" Semana "&$AF$23&"'"&"!"&AG$89&$AM100),"") | AH100: =IFERROR(INDIRECT("'Bloque "&$AF$24&" Semana "&$AF$23&"'"&"!"&AH$89&$AM100),"") | AI100: =IFERROR(INDIRECT("'Bloque "&$AF$24&" Semana "&$AF$23&"'"&"!"&AI$89&$AM100),"") | AJ100: =IFERROR(INDIRECT("'Bloque "&$AF$24&" Semana "&$AF$23&"'"&"!"&AJ$89&$AM100),"") | AK100: =IFERROR(INDIRECT("'Bloque "&$AF$24&" Semana "&$AF$23&"'"&"!"&AK$89&$AM100),"") | AL100: =IFERROR(INDIRECT("'Bloque "&$AF$24&" Semana "&$AF$23&"'"&"!"&AL$89&$AM100),"") | AM100: 34 | AN100: =IFERROR(INDIRECT("'Bloque "&$AG$24&" Semana "&$AG$23&"'"&"!"&AN$89&$AU100),"") | AO100: =IFERROR(INDIRECT("'Bloque "&$AG$24&" Semana "&$AG$23&"'"&"!"&AO$89&$AU100),"") | AP100: =IFERROR(INDIRECT("'Bloque "&$AG$24&" Semana "&$AG$23&"'"&"!"&AP$89&$AU100),"") | AQ100: =IFERROR(INDIRECT("'Bloque "&$AG$24&" Semana "&$AG$23&"'"&"!"&AQ$89&$AU100),"") | AR100: =IFERROR(INDIRECT("'Bloque "&$AG$24&" Semana "&$AG$23&"'"&"!"&AR$89&$AU100),"") | AS100: =IFERROR(INDIRECT("'Bloque "&$AG$24&" Semana "&$AG$23&"'"&"!"&AS$89&$AU100),"") | AT100: =IFERROR(INDIRECT("'Bloque "&$AG$24&" Semana "&$AG$23&"'"&"!"&AT$89&$AU100),"") | AU100: 34
X101: =IFERROR(INDIRECT("'Bloque "&$AE$24&" Semana "&$AE$23&"'"&"!"&X$89&$AE101),"") | Y101: =IFERROR(INDIRECT("'Bloque "&$AE$24&" Semana "&$AE$23&"'"&"!"&Y$89&$AE101),"") | Z101: =IFERROR(INDIRECT("'Bloque "&$AE$24&" Semana "&$AE$23&"'"&"!"&Z$89&$AE101),"") | AA101: =IFERROR(INDIRECT("'Bloque "&$AE$24&" Semana "&$AE$23&"'"&"!"&AA$89&$AE101),"") | AB101: =IFERROR(INDIRECT("'Bloque "&$AE$24&" Semana "&$AE$23&"'"&"!"&AB$89&$AE101),"") | AC101: =IFERROR(INDIRECT("'Bloque "&$AE$24&" Semana "&$AE$23&"'"&"!"&AC$89&$AE101),"") | AD101: =IFERROR(INDIRECT("'Bloque "&$AE$24&" Semana "&$AE$23&"'"&"!"&AD$89&$AE101),"") | AE101: 35 | AF101: =IFERROR(INDIRECT("'Bloque "&$AF$24&" Semana "&$AF$23&"'"&"!"&AF$89&$AM101),"") | AG101: =IFERROR(INDIRECT("'Bloque "&$AF$24&" Semana "&$AF$23&"'"&"!"&AG$89&$AM101),"") | AH101: =IFERROR(INDIRECT("'Bloque "&$AF$24&" Semana "&$AF$23&"'"&"!"&AH$89&$AM101),"") | AI101: =IFERROR(INDIRECT("'Bloque "&$AF$24&" Semana "&$AF$23&"'"&"!"&AI$89&$AM101),"") | AJ101: =IFERROR(INDIRECT("'Bloque "&$AF$24&" Semana "&$AF$23&"'"&"!"&AJ$89&$AM101),"") | AK101: =IFERROR(INDIRECT("'Bloque "&$AF$24&" Semana "&$AF$23&"'"&"!"&AK$89&$AM101),"") | AL101: =IFERROR(INDIRECT("'Bloque "&$AF$24&" Semana "&$AF$23&"'"&"!"&AL$89&$AM101),"") | AM101: 35 | AN101: =IFERROR(INDIRECT("'Bloque "&$AG$24&" Semana "&$AG$23&"'"&"!"&AN$89&$AU101),"") | AO101: =IFERROR(INDIRECT("'Bloque "&$AG$24&" Semana "&$AG$23&"'"&"!"&AO$89&$AU101),"") | AP101: =IFERROR(INDIRECT("'Bloque "&$AG$24&" Semana "&$AG$23&"'"&"!"&AP$89&$AU101),"") | AQ101: =IFERROR(INDIRECT("'Bloque "&$AG$24&" Semana "&$AG$23&"'"&"!"&AQ$89&$AU101),"") | AR101: =IFERROR(INDIRECT("'Bloque "&$AG$24&" Semana "&$AG$23&"'"&"!"&AR$89&$AU101),"") | AS101: =IFERROR(INDIRECT("'Bloque "&$AG$24&" Semana "&$AG$23&"'"&"!"&AS$89&$AU101),"") | AT101: =IFERROR(INDIRECT("'Bloque "&$AG$24&" Semana "&$AG$23&"'"&"!"&AT$89&$AU101),"") | AU101: 35
X103: E | Y103: F | Z103: K | AA103: N | AB103: R | AC103: S | AD103: T | AF103: E | AG103: F | AH103: K | AI103: N | AJ103: R | AK103: S | AL103: T | AN103: E | AO103: F | AP103: K | AQ103: N | AR103: R | AS103: S | AT103: T
X104: {=IFERROR(INDIRECT("'Bloque "&$AH$24&" Semana "&$AH$23&"'"&"!"&"E37"),"")} | AE104: 26 | AF104: {=IFERROR(INDIRECT("'Bloque "&$AI$24&" Semana "&$AI$23&"'"&"!"&"E37"),"")} | AM104: 26 | AN104: {=IFERROR(INDIRECT("'Bloque "&$AJ$24&" Semana "&$AJ$23&"'"&"!"&"E37"),"")} | AU104: 26
X105: {=IFERROR(INDIRECT("'Bloque "&$AH$24&" Semana "&$AH$23&"'"&"!"&"E25"),"")} | AE105: 25 | AF105: {=IFERROR(INDIRECT("'Bloque "&$AI$24&" Semana "&$AI$23&"'"&"!"&"E25"),"")} | AM105: 25 | AN105: {=IFERROR(INDIRECT("'Bloque "&$AJ$24&" Semana "&$AJ$23&"'"&"!"&"E25"),"")} | AU105: 25
X106: {=IFERROR(INDIRECT("'Bloque "&$AH$24&" Semana "&$AH$23&"'"&"!"&"E26"),"")} | AE106: 26 | AF106: {=IFERROR(INDIRECT("'Bloque "&$AI$24&" Semana "&$AI$23&"'"&"!"&"E26"),"")} | AM106: 26 | AN106: {=IFERROR(INDIRECT("'Bloque "&$AJ$24&" Semana "&$AJ$23&"'"&"!"&"E26"),"")} | AU106: 26
X107: =IFERROR(INDIRECT("'Bloque "&$AH$24&" Semana "&$AH$23&"'"&"!"&X$103&$AE107),"") | Y107: =IFERROR(INDIRECT("'Bloque "&$AH$24&" Semana "&$AH$23&"'"&"!"&Y$103&$AE107),"") | Z107: =IFERROR(INDIRECT("'Bloque "&$AH$24&" Semana "&$AH$23&"'"&"!"&Z$103&$AE107),"") | AA107: =IFERROR(INDIRECT("'Bloque "&$AH$24&" Semana "&$AH$23&"'"&"!"&AA$103&$AE107),"") | AB107: =IFERROR(INDIRECT("'Bloque "&$AH$24&" Semana "&$AH$23&"'"&"!"&AB$103&$AE107),"") | AC107: =IFERROR(INDIRECT("'Bloque "&$AH$24&" Semana "&$AH$23&"'"&"!"&AC$103&$AE107),"") | AD107: =IFERROR(INDIRECT("'Bloque "&$AH$24&" Semana "&$AH$23&"'"&"!"&AD$103&$AE107),"") | AE107: 27 | AF107: =IFERROR(INDIRECT("'Bloque "&$AI$24&" Semana "&$AI$23&"'"&"!"&AF$103&$AM107),"") | AG107: =IFERROR(INDIRECT("'Bloque "&$AI$24&" Semana "&$AI$23&"'"&"!"&AG$103&$AM107),"") | AH107: =IFERROR(INDIRECT("'Bloque "&$AI$24&" Semana "&$AI$23&"'"&"!"&AH$103&$AM107),"") | AI107: =IFERROR(INDIRECT("'Bloque "&$AI$24&" Semana "&$AI$23&"'"&"!"&AI$103&$AM107),"") | AJ107: =IFERROR(INDIRECT("'Bloque "&$AI$24&" Semana "&$AI$23&"'"&"!"&AJ$103&$AM107),"") | AK107: =IFERROR(INDIRECT("'Bloque "&$AI$24&" Semana "&$AI$23&"'"&"!"&AK$103&$AM107),"") | AL107: =IFERROR(INDIRECT("'Bloque "&$AI$24&" Semana "&$AI$23&"'"&"!"&AL$103&$AM107),"") | AM107: 27 | AN107: =IFERROR(INDIRECT("'Bloque "&$AJ$24&" Semana "&$AJ$23&"'"&"!"&AN$103&$AU107),"") | AO107: =IFERROR(INDIRECT("'Bloque "&$AJ$24&" Semana "&$AJ$23&"'"&"!"&AO$103&$AU107),"") | AP107: =IFERROR(INDIRECT("'Bloque "&$AJ$24&" Semana "&$AJ$23&"'"&"!"&AP$103&$AU107),"") | AQ107: =IFERROR(INDIRECT("'Bloque "&$AJ$24&" Semana "&$AJ$23&"'"&"!"&AQ$103&$AU107),"") | AR107: =IFERROR(INDIRECT("'Bloque "&$AJ$24&" Semana "&$AJ$23&"'"&"!"&AR$103&$AU107),"") | AS107: =IFERROR(INDIRECT("'Bloque "&$AJ$24&" Semana "&$AJ$23&"'"&"!"&AS$103&$AU107),"") | AT107: =IFERROR(INDIRECT("'Bloque "&$AJ$24&" Semana "&$AJ$23&"'"&"!"&AT$103&$AU107),"") | AU107: 27
X108: =IFERROR(INDIRECT("'Bloque "&$AH$24&" Semana "&$AH$23&"'"&"!"&X$103&$AE108),"") | Y108: =IFERROR(INDIRECT("'Bloque "&$AH$24&" Semana "&$AH$23&"'"&"!"&Y$103&$AE108),"") | Z108: =IFERROR(INDIRECT("'Bloque "&$AH$24&" Semana "&$AH$23&"'"&"!"&Z$103&$AE108),"") | AA108: =IFERROR(INDIRECT("'Bloque "&$AH$24&" Semana "&$AH$23&"'"&"!"&AA$103&$AE108),"") | AB108: =IFERROR(INDIRECT("'Bloque "&$AH$24&" Semana "&$AH$23&"'"&"!"&AB$103&$AE108),"") | AC108: =IFERROR(INDIRECT("'Bloque "&$AH$24&" Semana "&$AH$23&"'"&"!"&AC$103&$AE108),"") | AD108: =IFERROR(INDIRECT("'Bloque "&$AH$24&" Semana "&$AH$23&"'"&"!"&AD$103&$AE108),"") | AE108: 28 | AF108: =IFERROR(INDIRECT("'Bloque "&$AI$24&" Semana "&$AI$23&"'"&"!"&AF$103&$AM108),"") | AG108: =IFERROR(INDIRECT("'Bloque "&$AI$24&" Semana "&$AI$23&"'"&"!"&AG$103&$AM108),"") | AH108: =IFERROR(INDIRECT("'Bloque "&$AI$24&" Semana "&$AI$23&"'"&"!"&AH$103&$AM108),"") | AI108: =IFERROR(INDIRECT("'Bloque "&$AI$24&" Semana "&$AI$23&"'"&"!"&AI$103&$AM108),"") | AJ108: =IFERROR(INDIRECT("'Bloque "&$AI$24&" Semana "&$AI$23&"'"&"!"&AJ$103&$AM108),"") | AK108: =IFERROR(INDIRECT("'Bloque "&$AI$24&" Semana "&$AI$23&"'"&"!"&AK$103&$AM108),"") | AL108: =IFERROR(INDIRECT("'Bloque "&$AI$24&" Semana "&$AI$23&"'"&"!"&AL$103&$AM108),"") | AM108: 28 | AN108: =IFERROR(INDIRECT("'Bloque "&$AJ$24&" Semana "&$AJ$23&"'"&"!"&AN$103&$AU108),"") | AO108: =IFERROR(INDIRECT("'Bloque "&$AJ$24&" Semana "&$AJ$23&"'"&"!"&AO$103&$AU108),"") | AP108: =IFERROR(INDIRECT("'Bloque "&$AJ$24&" Semana "&$AJ$23&"'"&"!"&AP$103&$AU108),"") | AQ108: =IFERROR(INDIRECT("'Bloque "&$AJ$24&" Semana "&$AJ$23&"'"&"!"&AQ$103&$AU108),"") | AR108: =IFERROR(INDIRECT("'Bloque "&$AJ$24&" Semana "&$AJ$23&"'"&"!"&AR$103&$AU108),"") | AS108: =IFERROR(INDIRECT("'Bloque "&$AJ$24&" Semana "&$AJ$23&"'"&"!"&AS$103&$AU108),"") | AT108: =IFERROR(INDIRECT("'Bloque "&$AJ$24&" Semana "&$AJ$23&"'"&"!"&AT$103&$AU108),"") | AU108: 28
...

Sheet Copia de Bloque 5 Semana 2
X1: CUANTIFICACIÓN A PARTIR DE LO PRESCRITO | AG1: ="SEGUIMIENTO DE BIENESTAR DE "&'Introducción'!B19&" "&'Introducción'!B20 -> #REF! | BZ1: CUANTIFIFACIÓN A PARTIR DE LO REALIZADO POR EL ATLETA | DK1: S1 | DL1: S2 | DM1: S3 | DN1: S4 | DO1: S5 | DP1: S6 | DQ1: S7 | DR1: S8 | DS1: S9 | DT1: S10 | DU1: S11 | DV1: S12 | DW1: S13 | DX1: S14 | DY1: S15 | DZ1: S16 | EA1: S17 | EB1: S18 | FZ1: SQ | GC1: BP | GF1: DL
J2: DETALLES DEL BLOQUE DE ENTRENAMIENTO | AG2: Instrucciones | DJ2: BÁSICOS TONELAJE | EX2: PR'S RPE CHART | EZ2: MEJOR A 1 | FL2: PR'S RPE CHART | FN2: MEJOR A REPE | FZ2: TONN VS IMR | GC2: TONN VS IMR | GF2: TONN VS IMR
J3: METE MATERIAL | AG3: - Rellena el apartado de "Cuestionario de Bienestar Diario" justo DESPUÉS del calentamiento, ANTES de la sesión principal. - El apartado de "Duración de la sesión" y "RPE de la Sesión" rellenalos unos 15-20 minutos después de haber terminado la sesión. | DK3: {=IF(NOT($D$37=1),IFERROR(INDIRECT("'Bloque "&$D$38&" Semana "&"1"&"'"&"!"&"E37"),""),"S1")} | DL3: {=IF(NOT($D$37=2),IFERROR(INDIRECT("'Bloque "&$D$38&" Semana "&"2"&"'"&"!"&"E37"),""),"S2")} -> S2 | DM3: {=IF(NOT($D$37=3),IFERROR(INDIRECT("'Bloque "&$D$38&" Semana "&"3"&"'"&"!"&"E37"),""),"S3")} | DN3: {=IF(NOT($D$37=4),IFERROR(INDIRECT("'Bloque "&$D$38&" Semana "&"4"&"'"&"!"&"E37"),""),"S4")} | DO3: {=IF(NOT($D$37=5),IFERROR(INDIRECT("'Bloque "&$D$38&" Semana "&"5"&"'"&"!"&"E37"),""),"S5")} | DP3: {=IF(NOT($D$37=6),IFERROR(INDIRECT("'Bloque "&$D$38&" Semana "&"6"&"'"&"!"&"E37"),""),"S6")} | DQ3: {=IF(NOT($D$37=7),IFERROR(INDIRECT("'Bloque "&$D$38&" Semana "&"7"&"'"&"!"&"E37"),""),"S7")} | DR3: {=IF(NOT($D$37=8),IFERROR(INDIRECT("'Bloque "&$D$38&" Semana "&"8"&"'"&"!"&"E37"),""),"S8")} | DS3: {=IF(NOT($D$37=9),IFERROR(INDIRECT("'Bloque "&$D$38&" Semana "&"9"&"'"&"!"&"E37"),""),"S9")} | DT3: {=IF(NOT($D$37=10),IFERROR(INDIRECT("'Bloque "&$D$38&" Semana "&"10"&"'"&"!"&"E37"),""),"S10")} | DU3: {=IF(NOT($D$37=11),IFERROR(INDIRECT("'Bloque "&$D$38&" Semana "&"11"&"'"&"!"&"E37"),""),"S11")} | DV3: {=IF(NOT($D$37=12),IFERROR(INDIRECT("'Bloque "&$D$38&" Semana "&"12"&"'"&"!"&"E37"),""),"S12")} | DW3: {=IF(NOT($D$37=13),IFERROR(INDIRECT("'Bloque "&$D$38&" Semana "&"13"&"'"&"!"&"E37"),""),"S13")} | DX3: {=IF(NOT($D$37=14),IFERROR(INDIRECT("'Bloque "&$D$38&" Semana "&"14"&"'"&"!"&"E37"),""),"S14")} | DY3: {=IF(NOT($D$37=15),IFERROR(INDIRECT("'Bloque "&$D$38&" Semana "&"15"&"'"&"!"&"E37"),""),"S15")} | DZ3: {=IF(NOT($D$37=16),IFERROR(INDIRECT("'Bloque "&$D$38&" Semana "&"16"&"'"&"!"&"E37"),""),"S16")} | EA3: {=IF(NOT($D$37=17),IFERROR(INDIRECT("'Bloque "&$D$38&" Semana "&"17"&"'"&"!"&"E37"),""),"S17")} | EB3: {=IF(NOT($D$37=18),IFERROR(INDIRECT("'Bloque "&$D$38&" Semana "&"18"&"'"&"!"&"E37"),""),"S18")} | ED3: ACCESORIOS SERIES | EX3: @@ | EY3: 1 | EZ3: 2 | FA3: 3 | FB3: 4 | FC3: 5 | FD3: 6 | FE3: 7 | FF3: 8 | FG3: 9 | FH3: 10 | FI3: 11 | FJ3: 12 | FL3: @@ | FM3: 1 | FN3: 2 | FO3: 3 | FP3: 4 | FQ3: 5 | FR3: 6 | FS3: 7 | FT3: 8 | FU3: 9 | FV3: 10 | FW3: 11 | FX3: 12 | GA3: IMR | GB3: TON | GD3: IMR | GE3: TON | GG3: IMR | GH3: TON
DJ4: SQ | DK4: =IFERROR(INDIRECT("'Bloque "&$D$38&" Semana "&MID(DK3,2,2)&"'"&"!"&"CC15"),"") | DL4: =IFERROR(INDIRECT("'Bloque "&$D$38&" Semana "&MID(DL3,2,2)&"'"&"!"&"CC15"),"") | DM4: =IFERROR(INDIRECT("'Bloque "&$D$38&" Semana "&MID(DM3,2,2)&"'"&"!"&"CC15"),"") | DN4: =IFERROR(INDIRECT("'Bloque "&$D$38&" Semana "&MID(DN3,2,2)&"'"&"!"&"CC15"),"") | DO4: =IFERROR(INDIRECT("'Bloque "&$D$38&" Semana "&MID(DO3,2,2)&"'"&"!"&"CC15"),"") | DP4: =IFERROR(INDIRECT("'Bloque "&$D$38&" Semana "&MID(DP3,2,2)&"'"&"!"&"CC15"),"") | DQ4: =IFERROR(INDIRECT("'Bloque "&$D$38&" Semana "&MID(DQ3,2,2)&"'"&"!"&"CC15"),"") | DR4: =IFERROR(INDIRECT("'Bloque "&$D$38&" Semana "&MID(DR3,2,2)&"'"&"!"&"CC15"),"") | ... EB4: =IFERROR(INDIRECT("'Bloque "&$D$38&" Semana "&MID(EB3,2,2)&"'"&"!"&"CC15"),"") | EE4: {=IF(NOT($D$37=1),IFERROR(INDIRECT("'Bloque "&$D$38&" Semana "&"1"&"'"&"!"&"E37"),""),"S1")} | EF4: {=IF(NOT($D$37=2),IFERROR(INDIRECT("'Bloque "&$D$38&" Semana "&"2"&"'"&"!"&"E37"),""),"S2")} -> S2 | EG4: {=IF(NOT($D$37=3),IFERROR(INDIRECT("'Bloque "&$D$38&" Semana "&"3"&"'"&"!"&"E37"),""),"S3")} | EH4: {=IF(NOT($D$37=4),IFERROR(INDIRECT("'Bloque "&$D$38&" Semana "&"4"&"'"&"!"&"E37"),""),"S4")} | EI4: {=IF(NOT($D$37=5),IFERROR(INDIRECT("'Bloque "&$D$38&" Semana "&"5"&"'"&"!"&"E37"),""),"S5")} | EJ4: {=IF(NOT($D$37=6),IFERROR(INDIRECT("'Bloque "&$D$38&" Semana "&"6"&"'"&"!"&"E37"),""),"S6")} | EK4: {=IF(NOT($D$37=7),IFERROR(INDIRECT("'Bloque "&$D$38&" Semana "&"7"&"'"&"!"&"E37"),""),"S7")} | EL4: {=IF(NOT($D$37=8),IFERROR(INDIRECT("'Bloque "&$D$38&" Semana "&"8"&"'"&"!"&"E37"),""),"S8")} | EM4: {=IF(NOT($D$37=9),IFERROR(INDIRECT("'Bloque "&$D$38&" Semana "&"9"&"'"&"!"&"E37"),""),"S9")} | EN4: {=IF(NOT($D$37=10),IFERROR(INDIRECT("'Bloque "&$D$38&" Semana "&"10"&"'"&"!"&"E37"),""),"S10")} | EO4: {=IF(NOT($D$37=11),IFERROR(INDIRECT("'Bloque "&$D$38&" Semana "&"11"&"'"&"!"&"E37"),""),"S11")} | EP4: {=IF(NOT($D$37=12),IFERROR(INDIRECT("'Bloque "&$D$38&" Semana "&"12"&"'"&"!"&"E37"),""),"S12")} | EQ4: {=IF(NOT($D$37=13),IFERROR(INDIRECT("'Bloque "&$D$38&" Semana "&"13"&"'"&"!"&"E37"),""),"S13")} | ER4: {=IF(NOT($D$37=14),IFERROR(INDIRECT("'Bloque "&$D$38&" Semana "&"14"&"'"&"!"&"E37"),""),"S14")} | ES4: {=IF(NOT($D$37=15),IFERROR(INDIRECT("'Bloque "&$D$38&" Semana "&"15"&"'"&"!"&"E37"),""),"S15")} | ET4: {=IF(NOT($D$37=16),IFERROR(INDIRECT("'Bloque "&$D$38&" Semana "&"16"&"'"&"!"&"E37"),""),"S16")} | EU4: {=IF(NOT($D$37=17),IFERROR(INDIRECT("'Bloque "&$D$38&" Semana "&"17"&"'"&"!"&"E37"),""),"S17")} | EV4: {=IF(NOT($D$37=18),IFERROR(INDIRECT("'Bloque "&$D$38&" Semana "&"18"&"'"&"!"&"E37"),""),"S18")} | EX4: 10 | EY4: 1 | EZ4: 0.955 | FA4: 0.922 | FB4: 0.892 | FC4: 0.863 | FD4: 0.837 | FE4: 0.811 | FF4: 0.786 | FG4: 0.762 | FH4: 0.739 | FI4: 0.707 | FJ4: 0.68 | FL4: 10 | FM4: 1 | FN4: 0.965 | FO4: 0.942 | FP4: 0.919 | FQ4: 0.897 | FR4: 0.875 | FS4: 0.854 | FT4: 0.834 | FU4: 0.814 | FV4: 0.794 | FW4: 0.775 | FX4: 0.756 | FZ4: {=IF(NOT($D$37=1),IFERROR(INDIRECT("'Bloque "&$D$38&" Semana "&"1"&"'"&"!"&"E37"),""),"S1")} | GA4: =IFERROR(INDIRECT("'Bloque "&$D$38&" Semana "&MID(FZ4,2,2)&"'"&"!"&"CD15"),"") | GB4: =IFERROR(INDIRECT("'Bloque "&$D$38&" Semana "&MID(FZ4,2,2)&"'"&"!"&"CC15"),"") | GC4: {=IF(NOT($D$37=1),IFERROR(INDIRECT("'Bloque "&$D$38&" Semana "&"1"&"'"&"!"&"E37"),""),"S1")} | GD4: =IFERROR(INDIRECT("'Bloque "&$D$38&" Semana "&MID(GC4,2,2)&"'"&"!"&"CD16"),"") | GE4: =IFERROR(INDIRECT("'Bloque "&$D$38&" Semana "&MID(GC4,2,2)&"'"&"!"&"CC16"),"") | GF4: {=IF(NOT($D$37=1),IFERROR(INDIRECT("'Bloque "&$D$38&" Semana "&"1"&"'"&"!"&"E37"),""),"S1")} | GG4: =IFERROR(INDIRECT("'Bloque "&$D$38&" Semana "&MID(GF4,2,2)&"'"&"!"&"CD17"),"") | GH4: =IFERROR(INDIRECT("'Bloque "&$D$38&" Semana "&MID(GF4,2,2)&"'"&"!"&"CC17"),"")
AG5: - Este cuestionario nos permite ver CÓMO afecta tu día a día al entrenamiento (que días estás más cansado/a, si estás bajando rendimiento por falta de sueño, estrés, etc.) - Las casillas se puntúan del 1 al 7, 1 significa horrible y 7 perfecto. | DJ5: BP | DK5: =IFERROR(INDIRECT("'Bloque "&$D$38&" Semana "&MID(DK3,2,2)&"'"&"!"&"CC16"),"") | DL5: =IFERROR(INDIRECT("'Bloque "&$D$38&" Semana "&MID(DL3,2,2)&"'"&"!"&"CC16"),"") | DM5: =IFERROR(INDIRECT("'Bloque "&$D$38&" Semana "&MID(DM3,2,2)&"'"&"!"&"CC16"),"") | DN5: =IFERROR(INDIRECT("'Bloque "&$D$38&" Semana "&MID(DN3,2,2)&"'"&"!"&"CC16"),"") | DO5: =IFERROR(INDIRECT("'Bloque "&$D$38&" Semana "&MID(DO3,2,2)&"'"&"!"&"CC16"),"") | DP5: =IFERROR(INDIRECT("'Bloque "&$D$38&" Semana "&MID(DP3,2,2)&"'"&"!"&"CC16"),"") | DQ5: =IFERROR(INDIRECT("'Bloque "&$D$38&" Semana "&MID(DQ3,2,2)&"'"&"!"&"CC16"),"") | DR5: =IFERROR(INDIRECT("'Bloque "&$D$38&" Semana "&MID(DR3,2,2)&"'"&"!"&"CC16"),"") | ... EB5: =IFERROR(INDIRECT("'Bloque "&$D$38&" Semana "&MID(EB3,2,2)&"'"&"!"&"CC16"),"") | ED5: =BZ21 -> Dominante de Rodilla | EE5: =IFERROR(INDIRECT("'Bloque "&$D$38&" Semana "&MID(EE4,2,2)&"'"&"!"&"CC21"),"") | EF5: =IFERROR(INDIRECT("'Bloque "&$D$38&" Semana "&MID(EF4,2,2)&"'"&"!"&"CC21"),"") | EG5: =IFERROR(INDIRECT("'Bloque "&$D$38&" Semana "&MID(EG4,2,2)&"'"&"!"&"CC21"),"") | EH5: =IFERROR(INDIRECT("'Bloque "&$D$38&" Semana "&MID(EH4,2,2)&"'"&"!"&"CC21"),"") | EI5: =IFERROR(INDIRECT("'Bloque "&$D$38&" Semana "&MID(EI4,2,2)&"'"&"!"&"CC21"),"") | EJ5: =IFERROR(INDIRECT("'Bloque "&$D$38&" Semana "&MID(EJ4,2,2)&"'"&"!"&"CC21"),"") | EK5: =IFERROR(INDIRECT("'Bloque "&$D$38&" Semana "&MID(EK4,2,2)&"'"&"!"&"CC21"),"") | EL5: =IFERROR(INDIRECT("'Bloque "&$D$38&" Semana "&MID(EL4,2,2)&"'"&"!"&"CC21"),"") | ... EV5: =IFERROR(INDIRECT("'Bloque "&$D$38&" Semana "&MID(EV4,2,2)&"'"&"!"&"CC21"),"") | EX5: 9.5 | EY5: 0.978 | EZ5: 0.939 | FA5: 0.907 | FB5: 0.878 | FC5: 0.85 | FD5: 0.824 | FE5: 0.799 | FF5: 0.774 | FG5: 0.751 | FH5: 0.723 | FI5: 0.694 | FJ5: 0.667 | FL5: 9.5 | FM5: 0.989 | FN5: 0.955 | FO5: 0.932 | FP5: 0.909 | FQ5: 0.887 | FR5: 0.866 | FS5: 0.845 | FT5: 0.825 | FU5: 0.805 | FV5: 0.756 | FW5: 0.767 | FX5: 0.748 | FZ5: {=IF(NOT($D$37=2),IFERROR(INDIRECT("'Bloque "&$D$38&" Semana "&"2"&"'"&"!"&"E37"),""),"S2")} -> S2 | GA5: =IFERROR(INDIRECT("'Bloque "&$D$38&" Semana "&MID(FZ5,2,2)&"'"&"!"&"CD15"),"") | GB5: =IFERROR(INDIRECT("'Bloque "&$D$38&" Semana "&MID(FZ5,2,2)&"'"&"!"&"CC15"),"") | GC5: {=IF(NOT($D$37=2),IFERROR(INDIRECT("'Bloque "&$D$38&" Semana "&"2"&"'"&"!"&"E37"),""),"S2")} -> S2 | GD5: =IFERROR(INDIRECT("'Bloque "&$D$38&" Semana "&MID(GC5,2,2)&"'"&"!"&"CD16"),"") | GE5: =IFERROR(INDIRECT("'Bloque "&$D$38&" Semana "&MID(GC5,2,2)&"'"&"!"&"CC16"),"") | GF5: {=IF(NOT($D$37=2),IFERROR(INDIRECT("'Bloque "&$D$38&" Semana "&"2"&"'"&"!"&"E37"),""),"S2")} -> S2 | GG5: =IFERROR(INDIRECT("'Bloque "&$D$38&" Semana "&MID(GF5,2,2)&"'"&"!"&"CD17"),"") | GH5: =IFERROR(INDIRECT("'Bloque "&$D$38&" Semana "&MID(GF5,2,2)&"'"&"!"&"CC17"),"")
AG6: CUESTIONARIO DE BIENESTAR DIARIO | BR6: DURACIÓN DE LA SESIÓN | BZ6: A PARTIR DE LO REALIZADO POR EL ATLETA | CH6: TASA DE PROGRESIÓN | CO6: 1RM PROYECTADA | DJ6: DL | DK6: =IFERROR(INDIRECT("'Bloque "&$D$38&" Semana "&MID(DK3,2,2)&"'"&"!"&"CC17"),"") | DL6: =IFERROR(INDIRECT("'Bloque "&$D$38&" Semana "&MID(DL3,2,2)&"'"&"!"&"CC17"),"") | DM6: =IFERROR(INDIRECT("'Bloque "&$D$38&" Semana "&MID(DM3,2,2)&"'"&"!"&"CC17"),"") | DN6: =IFERROR(INDIRECT("'Bloque "&$D$38&" Semana "&MID(DN3,2,2)&"'"&"!"&"CC17"),"") | DO6: =IFERROR(INDIRECT("'Bloque "&$D$38&" Semana "&MID(DO3,2,2)&"'"&"!"&"CC17"),"") | DP6: =IFERROR(INDIRECT("'Bloque "&$D$38&" Semana "&MID(DP3,2,2)&"'"&"!"&"CC17"),"") | DQ6: =IFERROR(INDIRECT("'Bloque "&$D$38&" Semana "&MID(DQ3,2,2)&"'"&"!"&"CC17"),"") | DR6: =IFERROR(INDIRECT("'Bloque "&$D$38&" Semana "&MID(DR3,2,2)&"'"&"!"&"CC17"),"") | ... EB6: =IFERROR(INDIRECT("'Bloque "&$D$38&" Semana "&MID(EB3,2,2)&"'"&"!"&"CC17"),"") | ED6: =BZ22 -> Bisagra de Cadera | EE6: =IFERROR(INDIRECT("'Bloque "&$D$38&" Semana "&MID(EE4,2,2)&"'"&"!"&"CC22"),"") | EF6: =IFERROR(INDIRECT("'Bloque "&$D$38&" Semana "&MID(EF4,2,2)&"'"&"!"&"CC22"),"") | EG6: =IFERROR(INDIRECT("'Bloque "&$D$38&" Semana "&MID(EG4,2,2)&"'"&"!"&"CC22"),"") | EH6: =IFERROR(INDIRECT("'Bloque "&$D$38&" Semana "&MID(EH4,2,2)&"'"&"!"&"CC22"),"") | EI6: =IFERROR(INDIRECT("'Bloque "&$D$38&" Semana "&MID(EI4,2,2)&"'"&"!"&"CC22"),"") | EJ6: =IFERROR(INDIRECT("'Bloque "&$D$38&" Semana "&MID(EJ4,2,2)&"'"&"!"&"CC22"),"") | EK6: =IFERROR(INDIRECT("'Bloque "&$D$38&" Semana "&MID(EK4,2,2)&"'"&"!"&"CC22"),"") | EL6: =IFERROR(INDIRECT("'Bloque "&$D$38&" Semana "&MID(EL4,2,2)&"'"&"!"&"CC22"),"") | ... EV6: =IFERROR(INDIRECT("'Bloque "&$D$38&" Semana "&MID(EV4,2,2)&"'"&"!"&"CC22"),"") | EX6: 9 | EY6: 0.955 | EZ6: 0.922 | FA6: 0.892 | FB6: 0.863 | FC6: 0.837 | FD6: 0.811 | FE6: 0.786 | FF6: 0.762 | FG6: 0.739 | FH6: 0.707 | FI6: 0.68 | FJ6: 0.653 | FL6: 9 | FM6: 0.979 | FN6: 0.944 | FO6: 0.922 | FP6: 0.9 | FQ6: 0.878 | FR6: 0.857 | FS6: 0.836 | FT6: 0.816 | FU6: 0.796 | FV6: 0.777 | FW6: 0.758 | FX6: 0.74 | FZ6: {=IF(NOT($D$37=3),IFERROR(INDIRECT("'Bloque "&$D$38&" Semana "&"3"&"'"&"!"&"E37"),""),"S3")} | GA6: =IFERROR(INDIRECT("'Bloque "&$D$38&" Semana "&MID(FZ6,2,2)&"'"&"!"&"CD15"),"") | GB6: =IFERROR(INDIRECT("'Bloque "&$D$38&" Semana "&MID(FZ6,2,2)&"'"&"!"&"CC15"),"") | GC6: {=IF(NOT($D$37=3),IFERROR(INDIRECT("'Bloque "&$D$38&" Semana "&"3"&"'"&"!"&"E37"),""),"S3")} | GD6: =IFERROR(INDIRECT("'Bloque "&$D$38&" Semana "&MID(GC6,2,2)&"'"&"!"&"CD16"),"") | GE6: =IFERROR(INDIRECT("'Bloque "&$D$38&" Semana "&MID(GC6,2,2)&"'"&"!"&"CC16"),"") | GF6: {=IF(NOT($D$37=3),IFERROR(INDIRECT("'Bloque "&$D$38&" Semana "&"3"&"'"&"!"&"E37"),""),"S3")} | GG6: =IFERROR(INDIRECT("'Bloque "&$D$38&" Semana "&MID(GF6,2,2)&"'"&"!"&"CD17"),"") | GH6: =IFERROR(INDIRECT("'Bloque "&$D$38&" Semana "&MID(GF6,2,2)&"'"&"!"&"CC17"),"")
BZ7: POR VARIANTE | CH7: SQ1 Top Set | CI7: <-- ELIGE EL BÁSICO | ED7: =BZ23 -> Empuje Horizontal | EE7: =IFERROR(INDIRECT("'Bloque "&$D$38&" Semana "&MID(EE4,2,2)&"'"&"!"&"CC23"),"") | EF7: =IFERROR(INDIRECT("'Bloque "&$D$38&" Semana "&MID(EF4,2,2)&"'"&"!"&"CC23"),"") | EG7: =IFERROR(INDIRECT("'Bloque "&$D$38&" Semana "&MID(EG4,2,2)&"'"&"!"&"CC23"),"") | EH7: =IFERROR(INDIRECT("'Bloque "&$D$38&" Semana "&MID(EH4,2,2)&"'"&"!"&"CC23"),"") | EI7: =IFERROR(INDIRECT("'Bloque "&$D$38&" Semana "&MID(EI4,2,2)&"'"&"!"&"CC23"),"") | EJ7: =IFERROR(INDIRECT("'Bloque "&$D$38&" Semana "&MID(EJ4,2,2)&"'"&"!"&"CC23"),"") | EK7: =IFERROR(INDIRECT("'Bloque "&$D$38&" Semana "&MID(EK4,2,2)&"'"&"!"&"CC23"),"") | EL7: =IFERROR(INDIRECT("'Bloque "&$D$38&" Semana "&MID(EL4,2,2)&"'"&"!"&"CC23"),"") | ... EV7: =IFERROR(INDIRECT("'Bloque "&$D$38&" Semana "&MID(EV4,2,2)&"'"&"!"&"CC23"),"") | EX7: 8.5 | EY7: 0.939 | EZ7: 0.907 | FA7: 0.878 | FB7: 0.85 | FC7: 0.824 | FD7: 0.799 | FE7: 0.774 | FF7: 0.751 | FG7: 0.723 | FH7: 0.694 | FI7: 0.667 | FJ7: 0.64 | FL7: 8.5 | FM7: 0.968 | FN7: 0.934 | FO7: 0.912 | FP7: 0.89 | FQ7: 0.868 | FR7: 0.848 | FS7: 0.827 | FT7: 0.807 | FU7: 0.788 | FV7: 0.769 | FW7: 0.75 | FX7: 0.732 | FZ7: {=IF(NOT($D$37=4),IFERROR(INDIRECT("'Bloque "&$D$38&" Semana "&"4"&"'"&"!"&"E37"),""),"S4")} | GA7: =IFERROR(INDIRECT("'Bloque "&$D$38&" Semana "&MID(FZ7,2,2)&"'"&"!"&"CD15"),"") | GB7: =IFERROR(INDIRECT("'Bloque "&$D$38&" Semana "&MID(FZ7,2,2)&"'"&"!"&"CC15"),"") | GC7: {=IF(NOT($D$37=4),IFERROR(INDIRECT("'Bloque "&$D$38&" Semana "&"4"&"'"&"!"&"E37"),""),"S4")} | GD7: =IFERROR(INDIRECT("'Bloque "&$D$38&" Semana "&MID(GC7,2,2)&"'"&"!"&"CD16"),"") | GE7: =IFERROR(INDIRECT("'Bloque "&$D$38&" Semana "&MID(GC7,2,2)&"'"&"!"&"CC16"),"") | GF7: {=IF(NOT($D$37=4),IFERROR(INDIRECT("'Bloque "&$D$38&" Semana "&"4"&"'"&"!"&"E37"),""),"S4")} | GG7: =IFERROR(INDIRECT("'Bloque "&$D$38&" Semana "&MID(GF7,2,2)&"'"&"!"&"CD17"),"") | GH7: =IFERROR(INDIRECT("'Bloque "&$D$38&" Semana "&MID(GF7,2,2)&"'"&"!"&"CC17"),"")
AG8: DÍAS DE LA SEMANA | AK8: CALIDAD DEL SUEÑO | AO8: NIVEL DE ESTRÉS | AS8: NIVEL DE FATIGA | AW8: DAÑO MUSCULAR GENERAL (AGUJETAS) | BA8: ESTADO ANÍMICO | BE8: FATIGA DIARIA | BI8: RECUPERACIÓN PERCIBIDA | BM8: RPE DE LA SESIÓN | BR8: HORA DE COMIENZO DEL ENTRENAMIENTO | BU8: HORA DE FINALIZACIÓN DEL ENTRENAMIENTO | BW8: TIEMPO ENTRENADO | BZ8: CALC | CA8: Series | CB8: NL | CC8: TON | CD8: I.M.R. | CE8: e1RM Steve Denovi F1 | CF8: RPE MEDIO | CH8: SEMANAS | CI8: ESQUEMA INICIAL | CJ8: REPS | CK8: CARGA | CL8: AUMENTO DE CARGA (KG) | CM8: RPE | CN8: AUMENTO DE RPE | CO8: CARGA | CP8: PROYECTADA | CQ8: 1RM PROYECTADA MEJOR A REPS | CR8: % MEJORA | CS8: KG | CT8: % | DJ8: BÁSICOS I.M.R. | ED8: =BZ24 -> Empuje Vertical | EE8: =IFERROR(INDIRECT("'Bloque "&$D$38&" Semana "&MID(EE4,2,2)&"'"&"!"&"CC24"),"") | EF8: =IFERROR(INDIRECT("'Bloque "&$D$38&" Semana "&MID(EF4,2,2)&"'"&"!"&"CC24"),"") | EG8: =IFERROR(INDIRECT("'Bloque "&$D$38&" Semana "&MID(EG4,2,2)&"'"&"!"&"CC24"),"") | EH8: =IFERROR(INDIRECT("'Bloque "&$D$38&" Semana "&MID(EH4,2,2)&"'"&"!"&"CC24"),"") | EI8: =IFERROR(INDIRECT("'Bloque "&$D$38&" Semana "&MID(EI4,2,2)&"'"&"!"&"CC24"),"") | EJ8: =IFERROR(INDIRECT("'Bloque "&$D$38&" Semana "&MID(EJ4,2,2)&"'"&"!"&"CC24"),"") | EK8: =IFERROR(INDIRECT("'Bloque "&$D$38&" Semana "&MID(EK4,2,2)&"'"&"!"&"CC24"),"") | EL8: =IFERROR(INDIRECT("'Bloque "&$D$38&" Semana "&MID(EL4,2,2)&"'"&"!"&"CC24"),"") | ... EV8: =IFERROR(INDIRECT("'Bloque "&$D$38&" Semana "&MID(EV4,2,2)&"'"&"!"&"CC24"),"") | EX8: 8 | EY8: 0.922 | EZ8: 0.892 | FA8: 0.863 | FB8: 0.837 | FC8: 0.811 | FD8: 0.786 | FE8: 0.762 | FF8: 0.739 | FG8: 0.707 | FH8: 0.68 | FI8: 0.653 | FJ8: 0.626 | FL8: 8 | FM8: 0.958 | FN8: 0.924 | FO8: 0.902 | FP8: 0.88 | FQ8: 0.859 | FR8: 0.838 | FS8: 0.818 | FT8: 0.799 | FU8: 0.779 | FV8: 0.761 | FW8: 0.742 | FX8: 0.724 | FZ8: {=IF(NOT($D$37=5),IFERROR(INDIRECT("'Bloque "&$D$38&" Semana "&"5"&"'"&"!"&"E37"),""),"S5")} | GA8: =IFERROR(INDIRECT("'Bloque "&$D$38&" Semana "&MID(FZ8,2,2)&"'"&"!"&"CD15"),"") | GB8: =IFERROR(INDIRECT("'Bloque "&$D$38&" Semana "&MID(FZ8,2,2)&"'"&"!"&"CC15"),"") | GC8: {=IF(NOT($D$37=5),IFERROR(INDIRECT("'Bloque "&$D$38&" Semana "&"5"&"'"&"!"&"E37"),""),"S5")} | GD8: =IFERROR(INDIRECT("'Bloque "&$D$38&" Semana "&MID(GC8,2,2)&"'"&"!"&"CD16"),"") | GE8: =IFERROR(INDIRECT("'Bloque "&$D$38&" Semana "&MID(GC8,2,2)&"'"&"!"&"CC16"),"") | GF8: {=IF(NOT($D$37=5),IFERROR(INDIRECT("'Bloque "&$D$38&" Semana "&"5"&"'"&"!"&"E37"),""),"S5")} | GG8: =IFERROR(INDIRECT("'Bloque "&$D$38&" Semana "&MID(GF8,2,2)&"'"&"!"&"CD17"),"") | GH8: =IFERROR(INDIRECT("'Bloque "&$D$38&" Semana "&MID(GF8,2,2)&"'"&"!"&"CC17"),"")
AG9: lunes | BE9: =IFERROR( IFERROR(IF(NOT(ISBLANK(AK9)),MID(AK9,1,2),"")+IF(NOT(ISBLANK(AO9)),MID(AO9,1,2),"")+IF(NOT(ISBLANK(AS9)),MID(AS9,1,2),"")+IF(NOT(ISBLANK(AW9)),MID(AW9,1,2),"")+IF(NOT(ISBLANK(BA9)),MID(BA9,1,2),""),"")/COUNTA(AK9:BC9)*10/7,"") | BR9: FALSE | BS9: =IFS(BR9=FALSE,"",BS9<>"",BS9,TRUE,NOW()) | BU9: FALSE | BV9: =IFS(BU9=FALSE,"",BV9<>"",BV9,TRUE,NOW()) | BW9: =IF(OR(BS9="",BV9=""),"",BV9-BS9) | BZ9: SQ1 | CA9: =IFERROR(IFS(BZ9="SQ1", SUMIF($D$40:$D186,"SQ1*",AD40:AD186),BZ9="SQ2",SUMIF($D$40:$D186,"SQ2*",AD40:AD186),$BZ$9="SQ3",SUMIF($D$40:$D186,"SQ3*",AD40:AD186),BZ9="SQ4",SUMIF($D$40:$D186,"SQ4*",AD40:AD186),BZ9="SQ5",SUMIF($D$40:$D186,"SQ5*",AD40:AD186)),"") -> 6 | CB9: =IFERROR(IFS(BZ9="SQ1", SUMIF($D$40:$D186,"SQ1*",CC40:CC186),BZ9="SQ2",SUMIF($D$40:$D186,"SQ2*",CC40:CC186),$BZ$9="SQ3",SUMIF($D$40:$D186,"SQ3*",CC40:CC186),BZ9="SQ4",SUMIF($D$40:$D186,"SQ4*",CC40:CC186),BZ9="SQ5",SUMIF($D$40:$D186,"SQ5*",CC40:CC186)),"") -> 33 | CC9: =IFERROR(IFS($BZ$9="SQ1", SUMIF($D$40:$D186,"SQ1*",CE40:CE186),$BZ$9="SQ2",SUMIF($D$40:$D186,"SQ2*",CE40:CE186),$BZ$9="SQ3",SUMIF($D$40:$D186,"SQ3*",CE40:CE186),$BZ$9="SQ4",SUMIF($D$40:$D186,"SQ4*",CE40:CE186),$BZ$9="SQ5",SUMIF($D$40:$D186,"SQ5*",CE40:CE186)),"") | CD9: =IFERROR(IFS(BZ9="SQ1",AVERAGEIF(D40:D186,"SQ1*",CA40:CA186),BZ9="SQ2",AVERAGEIF(D40:D186,"SQ2*",CA40:CA186),BZ9="SQ3",AVERAGEIF(D40:D186,"SQ3*",CA40:CA186),BZ9="SQ4",AVERAGEIF(D40:D186,"SQ4*",CA40:CA186),BZ9="SQ5",AVERAGEIF(D40:D186,"SQ5*",CA40:CA186)),"") | CE9: =IFERROR( IFS($CE$8="e1RM Bryzcki", IFS(BZ9="SQ1",AVERAGEIF(D40:D186,"SQ1*",CH40:CH186),BZ9="SQ2",AVERAGEIF(D40:D186,"SQ2*",CH40:CH186),BZ9="SQ3",AVERAGEIF(D40:D186,"SQ3*",CH40:CH186),BZ9="SQ4*",AVERAGEIF(D40:D186,"SQ4*",CH40:CH186),BZ9="SQ5",AVERAGEIF(D40:D186,"SQ5*",CH40:CH186)),$CE$8="e1RM Steve Denovi F1", IFS(BZ9="SQ1",AVERAGEIF(D40:D186,"SQ1*",CL40:CL186),BZ9="SQ2",AVERAGEIF(D40:D186,"SQ2*",CL40:CL186),BZ9="SQ3",AVERAGEIF(D40:D186,"SQ3*",CL40:CL186),BZ9="SQ4*",AVERAGEIF(D40:D186,"SQ4*",CL40:CL186),BZ9="SQ5",AVERAGEIF(D40:D186,"SQ5*",CL40:CL186)),$CE$8="e1RM Steve Denovi F2", IFS(BZ9="SQ1",AVERAGEIF(D40:D186,"SQ1*",CM40:CM186),BZ9="SQ2",AVERAGEIF(D40:D186,"SQ2*",CM40:CM186),BZ9="SQ3",AVERAGEIF(D40:D186,"SQ3*",CM40:CM186),BZ9="SQ4*",AVERAGEIF(D40:D186,"SQ4*",CM40:CM186),BZ9="SQ5",AVERAGEIF(D40:D186,"SQ5*",CM40:CM186))),"") | CF9: =IFERROR(IFS($BZ$9="SQ1",AVERAGEIF($D$40:$D186,"SQ1*",$CK$40:$CK186),$BZ$9="SQ2",AVERAGEIF($D$40:$D186,"SQ2*",$CK$40:$CK186),$BZ$9="SQ3",AVERAGEIF($D$40:$D186,"SQ3*",$CK$40:$CK186),$BZ$9="SQ4",AVERAGEIF($D$40:$D186,"SQ4*",$CK$40:$CK186),$BZ$9="SQ5",AVERAGEIF($D$40:$D186,"SQ5*",$CK$40:$CK186)),"") -> 7.25 | CH9: {=IF(NOT($D$37=1),IFERROR(INDIRECT("'Bloque "&$D$38&" Semana "&"1"&"'"&"!"&"E37"),""),"S1")} | CI9: =IFERROR(INDIRECT("'Bloque "&$D$38&" Semana "&MID(CH9,2,2)&"'"&"!"&"AF"&MATCH($CH$7,$D:$D,0)),"") | CJ9: =IFERROR(INDIRECT("'Bloque "&$D$38&" Semana "&MID(CH9,2,2)&"'"&"!"&"AG"&MATCH($CH$7,$D:$D,0)),"") | CK9: =IFERROR(INDIRECT("'Bloque "&$D$38&" Semana "&MID(CH9,2,2)&"'"&"!"&"CB"&MATCH($CH$7,$D:$D,0)),"") | CL9: 0 | CM9: =IFERROR(INDIRECT("'Bloque "&$D$38&" Semana "&MID(CH9,2,2)&"'"&"!"&"CK"&MATCH($CH$7,$D:$D,0)),"") | CN9: 0 | CO9: =IFERROR(INDIRECT("'Bloque "&$D$38&" Semana "&MID(CH9,2,2)&"'"&"!"&"CB"&MATCH($CH$7,$D:$D,0)),"") | CP9: =IFERROR( IF(CH9=0,"",CO9/CQ9),"") | CQ9: =IFERROR( IF(NOT( $CQ$8="1RM PROYECTADA MEJOR A REPS"),VLOOKUP(CM9,$EX$3:$FJ$16,CJ9+1,0),VLOOKUP(CM9,$FL$3:$FX$16,CJ9+1,0)),"") | CR9: 0 | CS9: =MAX(CP9:CP26)-MIN(CP9:CP26) -> 0 | CT9: =MAX(CQ9:CQ26)-MIN(CQ9:CQ26) -> 0 | DK9: {=IF(NOT($D$37=1),IFERROR(INDIRECT("'Bloque "&$D$38&" Semana "&"1"&"'"&"!"&"E37"),""),"S1")} | DL9: {=IF(NOT($D$37=2),IFERROR(INDIRECT("'Bloque "&$D$38&" Semana "&"2"&"'"&"!"&"E37"),""),"S2")} -> S2 | DM9: {=IF(NOT($D$37=3),IFERROR(INDIRECT("'Bloque "&$D$38&" Semana "&"3"&"'"&"!"&"E37"),""),"S3")} | DN9: {=IF(NOT($D$37=4),IFERROR(INDIRECT("'Bloque "&$D$38&" Semana "&"4"&"'"&"!"&"E37"),""),"S4")} | DO9: {=IF(NOT($D$37=5),IFERROR(INDIRECT("'Bloque "&$D$38&" Semana "&"5"&"'"&"!"&"E37"),""),"S5")} | DP9: {=IF(NOT($D$37=6),IFERROR(INDIRECT("'Bloque "&$D$38&" Semana "&"6"&"'"&"!"&"E37"),""),"S6")} | DQ9: {=IF(NOT($D$37=7),IFERROR(INDIRECT("'Bloque "&$D$38&" Semana "&"7"&"'"&"!"&"E37"),""),"S7")} | DR9: {=IF(NOT($D$37=8),IFERROR(INDIRECT("'Bloque "&$D$38&" Semana "&"8"&"'"&"!"&"E37"),""),"S8")} | DS9: {=IF(NOT($D$37=9),IFERROR(INDIRECT("'Bloque "&$D$38&" Semana "&"9"&"'"&"!"&"E37"),""),"S9")} | DT9: {=IF(NOT($D$37=10),IFERROR(INDIRECT("'Bloque "&$D$38&" Semana "&"10"&"'"&"!"&"E37"),""),"S10")} | DU9: {=IF(NOT($D$37=11),IFERROR(INDIRECT("'Bloque "&$D$38&" Semana "&"11"&"'"&"!"&"E37"),""),"S11")} | DV9: {=IF(NOT($D$37=12),IFERROR(INDIRECT("'Bloque "&$D$38&" Semana "&"12"&"'"&"!"&"E37"),""),"S12")} | DW9: {=IF(NOT($D$37=13),IFERROR(INDIRECT("'Bloque "&$D$38&" Semana "&"13"&"'"&"!"&"E37"),""),"S13")} | DX9: {=IF(NOT($D$37=14),IFERROR(INDIRECT("'Bloque "&$D$38&" Semana "&"14"&"'"&"!"&"E37"),""),"S14")} | DY9: {=IF(NOT($D$37=15),IFERROR(INDIRECT("'Bloque "&$D$38&" Semana "&"15"&"'"&"!"&"E37"),""),"S15")} | DZ9: {=IF(NOT($D$37=16),IFERROR(INDIRECT("'Bloque "&$D$38&" Semana "&"16"&"'"&"!"&"E37"),""),"S16")} | EA9: {=IF(NOT($D$37=17),IFERROR(INDIRECT("'Bloque "&$D$38&" Semana "&"17"&"'"&"!"&"E37"),""),"S17")} | EB9: {=IF(NOT($D$37=18),IFERROR(INDIRECT("'Bloque "&$D$38&" Semana "&"18"&"'"&"!"&"E37"),""),"S18")} | ED9: =BZ25 -> Tracción Horizontal | EE9: =IFERROR(INDIRECT("'Bloque "&$D$38&" Semana "&MID(EE4,2,2)&"'"&"!"&"CC25"),"") | EF9: =IFERROR(INDIRECT("'Bloque "&$D$38&" Semana "&MID(EF4,2,2)&"'"&"!"&"CC25"),"") | EG9: =IFERROR(INDIRECT("'Bloque "&$D$38&" Semana "&MID(EG4,2,2)&"'"&"!"&"CC25"),"") | EH9: =IFERROR(INDIRECT("'Bloque "&$D$38&" Semana "&MID(EH4,2,2)&"'"&"!"&"CC25"),"") | EI9: =IFERROR(INDIRECT("'Bloque "&$D$38&" Semana "&MID(EI4,2,2)&"'"&"!"&"CC25"),"") | EJ9: =IFERROR(INDIRECT("'Bloque "&$D$38&" Semana "&MID(EJ4,2,2)&"'"&"!"&"CC25"),"") | EK9: =IFERROR(INDIRECT("'Bloque "&$D$38&" Semana "&MID(EK4,2,2)&"'"&"!"&"CC25"),"") | EL9: =IFERROR(INDIRECT("'Bloque "&$D$38&" Semana "&MID(EL4,2,2)&"'"&"!"&"CC25"),"") | ... EV9: =IFERROR(INDIRECT("'Bloque "&$D$38&" Semana "&MID(EV4,2,2)&"'"&"!"&"CC25"),"") | EX9: 7.5 | EY9: 0.907 | EZ9: 0.878 | FA9: 0.85 | FB9: 0.824 | FC9: 0.799 | FD9: 0.774 | FE9: 0.751 | FF9: 0.723 | FG9: 0.694 | FH9: 0.667 | FI9: 0.64 | FJ9: 0.613 | FL9: 7.5 | FM9: 0.948 | FN9: 0.914 | FO9: 0.892 | FP9: 0.871 | FQ9: 0.85 | FR9: 0.83 | FS9: 0.81 | FT9: 0.79 | FU9: 0.771 | FV9: 0.752 | FW9: 0.734 | FX9: 0.717 | FZ9: {=IF(NOT($D$37=6),IFERROR(INDIRECT("'Bloque "&$D$38&" Semana "&"6"&"'"&"!"&"E37"),""),"S6")} | GA9: =IFERROR(INDIRECT("'Bloque "&$D$38&" Semana "&MID(FZ9,2,2)&"'"&"!"&"CD15"),"") | GB9: =IFERROR(INDIRECT("'Bloque "&$D$38&" Semana "&MID(FZ9,2,2)&"'"&"!"&"CC15"),"") | GC9: {=IF(NOT($D$37=6),IFERROR(INDIRECT("'Bloque "&$D$38&" Semana "&"6"&"'"&"!"&"E37"),""),"S6")} | GD9: =IFERROR(INDIRECT("'Bloque "&$D$38&" Semana "&MID(GC9,2,2)&"'"&"!"&"CD16"),"") | GE9: =IFERROR(INDIRECT("'Bloque "&$D$38&" Semana "&MID(GC9,2,2)&"'"&"!"&"CC16"),"") | GF9: {=IF(NOT($D$37=6),IFERROR(INDIRECT("'Bloque "&$D$38&" Semana "&"6"&"'"&"!"&"E37"),""),"S6")} | GG9: =IFERROR(INDIRECT("'Bloque "&$D$38&" Semana "&MID(GF9,2,2)&"'"&"!"&"CD17"),"") | GH9: =IFERROR(INDIRECT("'Bloque "&$D$38&" Semana "&MID(GF9,2,2)&"'"&"!"&"CC17"),"")
AG10: martes | BE10: =IFERROR( IFERROR(IF(NOT(ISBLANK(AK10)),MID(AK10,1,2),"")+IF(NOT(ISBLANK(AO10)),MID(AO10,1,2),"")+IF(NOT(ISBLANK(AS10)),MID(AS10,1,2),"")+IF(NOT(ISBLANK(AW10)),MID(AW10,1,2),"")+IF(NOT(ISBLANK(BA10)),MID(BA10,1,2),""),"")/COUNTA(AK10:BC10)*10/7,"") | BR10: FALSE | BS10: =IFS(BR10=FALSE,"",BS10<>"",BS10,TRUE,NOW()) | BU10: FALSE | BV10: =IFS(BU10=FALSE,"",BV10<>"",BV10,TRUE,NOW()) | BW10: =IF(OR(BS10="",BV10=""),"",BV10-BS10) | BZ10: BP2 | CA10: =IFERROR(IFS(BZ10="BP1", SUMIF($D$40:$D186,"BP1*",AD40:AD186),BZ10="BP2",SUMIF($D$40:$D186,"BP2*",AD40:AD186),$BZ$10="BP3",SUMIF($D$40:$D186,"BP3*",AD40:AD186),BZ10="BP4",SUMIF($D$40:$D186,"BP4*",AD40:AD186),BZ10="BP5",SUMIF($D$40:$D186,"BP5*",AD40:AD186)),"") -> 0 | CB10: =IFERROR(IFS(BZ10="BP1", SUMIF($D$40:$D186,"BP1*",CC40:CC186),BZ10="BP2",SUMIF($D$40:$D186,"BP2*",CC40:CC186),$BZ$10="BP3",SUMIF($D$40:$D186,"BP3*",CC40:CC186),BZ10="BP4",SUMIF($D$40:$D186,"BP4*",CC40:CC186),BZ10="BP5",SUMIF($D$40:$D186,"BP5*",CC40:CC186)),"") -> 0 | CC10: =IFERROR(IFS(BZ10="BP1", SUMIF($D$40:$D186,"BP1*",CE40:CE186),BZ10="BP2",SUMIF($D$40:$D186,"BP2*",CE40:CE186),$BZ$10="BP3",SUMIF($D$40:$D186,"BP3*",CE40:CE186),BZ10="BP4",SUMIF($D$40:$D186,"BP4*",CE40:CE186),BZ10="BP5",SUMIF($D$40:$D186,"BP5*",CE40:CE186)),"") -> 0 | CD10: =IFERROR(IFS(BZ10="BP1",AVERAGEIF(D40:D186,BZ10,CA40:CH186),BZ10="BP2",AVERAGEIF(D40:D186,BZ10,CA40:CH186),BZ10="BP3",AVERAGEIF(D40:D186,BZ10,CA40:CH186),BZ10="BP4",AVERAGEIF(D40:D186,BZ10,CA40:CH186),BZ10="BP5",AVERAGEIF(D40:D186,BZ10,CA40:CH186)),"") | CE10: =IFERROR( IFS($CE$8="e1RM Bryzcki", IFS(BZ10="BP1",AVERAGEIF(D40:D186,"SQ1*",CH40:CH186),BZ10="BP2",AVERAGEIF(D40:D186,"BP2*",CH40:CH186),BZ10="BP3",AVERAGEIF(D40:D186,"BP3*",CH40:CH186),BZ10="BP4*",AVERAGEIF(D40:D186,"BP4*",CH40:CH186),BZ10="BP5",AVERAGEIF(D40:D186,"BP5*",CH40:CH186)),$CE$8="e1RM Steve Denovi F1", IFS(BZ10="BP1",AVERAGEIF(D40:D186,"BP1*",CL40:CL186),BZ10="BP2",AVERAGEIF(D40:D186,"BP2*",CL40:CL186),BZ10="BP3",AVERAGEIF(D40:D186,"BP3*",CL40:CL186),BZ10="BP4*",AVERAGEIF(D40:D186,"BP4*",CL40:CL186),BZ10="BP5",AVERAGEIF(D40:D186,"BP5*",CL40:CL186)),$CE$8="e1RM Steve Denovi F2", IFS(BZ10="BP1",AVERAGEIF(D40:D186,"BP1*",CM40:CM186),BZ10="BP2",AVERAGEIF(D40:D186,"BP2*",CM40:CM186),BZ10="BP3",AVERAGEIF(D40:D186,"BP3*",CM40:CM186),BZ10="BP4*",AVERAGEIF(D40:D186,"BP4*",CM40:CM186),BZ10="BP5",AVERAGEIF(D40:D186,"BP5*",CM40:CM186))),"") | CF10: =IFERROR(IFS($BZ$10="SQ1",AVERAGEIF($D$40:$D186,"BP1*",$CK$40:$CK186),$BZ$10="BP2",AVERAGEIF($D$40:$D186,"BP2*",$CK$40:$CK186),$BZ$10="BP3",AVERAGEIF($D$40:$D186,"BP3*",$CK$40:$CK186),$BZ$10="BP4",AVERAGEIF($D$40:$D186,"BP4*",$CK$40:$CK186),$BZ$10="BP5",AVERAGEIF($D$40:$D186,"BP5*",$CK$40:$CK186)),"") | CH10: {=IF(NOT($D$37=2),IFERROR(INDIRECT("'Bloque "&$D$38&" Semana "&"2"&"'"&"!"&"E37"),""),"S2")} -> S2 | CI10: =IFERROR(INDIRECT("'Bloque "&$D$38&" Semana "&MID(CH10,2,2)&"'"&"!"&"AF"&MATCH($CH$7,$D:$D,0)),"") | CJ10: =IFERROR(INDIRECT("'Bloque "&$D$38&" Semana "&MID(CH10,2,2)&"'"&"!"&"AG"&MATCH($CH$7,$D:$D,0)),"") | CK10: =IFERROR(INDIRECT("'Bloque "&$D$38&" Semana "&MID(CH10,2,2)&"'"&"!"&"CB"&MATCH($CH$7,$D:$D,0)),"") | CL10: =IF(CH10="","", CK10-CK9) -> 0 | CM10: =IFERROR(INDIRECT("'Bloque "&$D$38&" Semana "&MID(CH10,2,2)&"'"&"!"&"CK"&MATCH($CH$7,$D:$D,0)),"") | CN10: =IF(CH10="","", CM10-CM9) -> 0 | CO10: =IFERROR(INDIRECT("'Bloque "&$D$38&" Semana "&MID(CH10,2,2)&"'"&"!"&"CB"&MATCH($CH$7,$D:$D,0)),"") | CP10: =IFERROR( IF(CH10=0,"",CO10/CQ10),"") | CQ10: =IFERROR( IF(NOT( $CQ$8="1RM PROYECTADA MEJOR A REPS"),VLOOKUP(CM10,$EX$3:$FJ$16,CJ10+1,0),VLOOKUP(CM10,$FL$3:$FX$16,CJ10+1,0)),"") | CR10: =IF(CH10="","", CQ10-CQ9) -> 0 | DJ10: SQ | DK10: =IFERROR(INDIRECT("'Bloque "&$D$38&" Semana "&MID(DK9,2,2)&"'"&"!"&"CD15"),"") | DL10: =IFERROR(INDIRECT("'Bloque "&$D$38&" Semana "&MID(DL9,2,2)&"'"&"!"&"CD15"),"") | DM10: =IFERROR(INDIRECT("'Bloque "&$D$38&" Semana "&MID(DM9,2,2)&"'"&"!"&"CD15"),"") | DN10: =IFERROR(INDIRECT("'Bloque "&$D$38&" Semana "&MID(DN9,2,2)&"'"&"!"&"CD15"),"") | DO10: =IFERROR(INDIRECT("'Bloque "&$D$38&" Semana "&MID(DO9,2,2)&"'"&"!"&"CD15"),"") | DP10: =IFERROR(INDIRECT("'Bloque "&$D$38&" Semana "&MID(DP9,2,2)&"'"&"!"&"CD15"),"") | DQ10: =IFERROR(INDIRECT("'Bloque "&$D$38&" Semana "&MID(DQ9,2,2)&"'"&"!"&"CD15"),"") | DR10: =IFERROR(INDIRECT("'Bloque "&$D$38&" Semana "&MID(DR9,2,2)&"'"&"!"&"CD15"),"") | ... EB10: =IFERROR(INDIRECT("'Bloque "&$D$38&" Semana "&MID(EB9,2,2)&"'"&"!"&"CD15"),"") | ED10: =BZ26 -> Tracción Vertical | EE10: =IFERROR(INDIRECT("'Bloque "&$D$38&" Semana "&MID(EE4,2,2)&"'"&"!"&"CC26"),"") | EF10: =IFERROR(INDIRECT("'Bloque "&$D$38&" Semana "&MID(EF4,2,2)&"'"&"!"&"CC26"),"") | EG10: =IFERROR(INDIRECT("'Bloque "&$D$38&" Semana "&MID(EG4,2,2)&"'"&"!"&"CC26"),"") | EH10: =IFERROR(INDIRECT("'Bloque "&$D$38&" Semana "&MID(EH4,2,2)&"'"&"!"&"CC26"),"") | EI10: =IFERROR(INDIRECT("'Bloque "&$D$38&" Semana "&MID(EI4,2,2)&"'"&"!"&"CC26"),"") | EJ10: =IFERROR(INDIRECT("'Bloque "&$D$38&" Semana "&MID(EJ4,2,2)&"'"&"!"&"CC26"),"") | EK10: =IFERROR(INDIRECT("'Bloque "&$D$38&" Semana "&MID(EK4,2,2)&"'"&"!"&"CC26"),"") | EL10: =IFERROR(INDIRECT("'Bloque "&$D$38&" Semana "&MID(EL4,2,2)&"'"&"!"&"CC26"),"") | ... EV10: =IFERROR(INDIRECT("'Bloque "&$D$38&" Semana "&MID(EV4,2,2)&"'"&"!"&"CC26"),"") | EX10: 7 | EY10: 0.892 | EZ10: 0.863 | FA10: 0.837 | FB10: 0.811 | FC10: 0.786 | FD10: 0.762 | FE10: 0.739 | FF10: 0.707 | FG10: 0.68 | FH10: 0.653 | FI10: 0.626 | FJ10: 0.599 | FL10: 7 | FM10: 0.937 | FN10: 0.905 | FO10: 0.883 | FP10: 0.862 | FQ10: 0.841 | FR10: 0.821 | FS10: 0.801 | FT10: 0.782 | FU10: 0.763 | FV10: 0.744 | FW10: 0.726 | FX10: 0.709 | FZ10: {=IF(NOT($D$37=7),IFERROR(INDIRECT("'Bloque "&$D$38&" Semana "&"7"&"'"&"!"&"E37"),""),"S7")} | GA10: =IFERROR(INDIRECT("'Bloque "&$D$38&" Semana "&MID(FZ10,2,2)&"'"&"!"&"CD15"),"") | GB10: =IFERROR(INDIRECT("'Bloque "&$D$38&" Semana "&MID(FZ10,2,2)&"'"&"!"&"CC15"),"") | GC10: {=IF(NOT($D$37=7),IFERROR(INDIRECT("'Bloque "&$D$38&" Semana "&"7"&"'"&"!"&"E37"),""),"S7")} | GD10: =IFERROR(INDIRECT("'Bloque "&$D$38&" Semana "&MID(GC10,2,2)&"'"&"!"&"CD16"),"") | GE10: =IFERROR(INDIRECT("'Bloque "&$D$38&" Semana "&MID(GC10,2,2)&"'"&"!"&"CC16"),"") | GF10: {=IF(NOT($D$37=7),IFERROR(INDIRECT("'Bloque "&$D$38&" Semana "&"7"&"'"&"!"&"E37"),""),"S7")} | GG10: =IFERROR(INDIRECT("'Bloque "&$D$38&" Semana "&MID(GF10,2,2)&"'"&"!"&"CD17"),"") | GH10: =IFERROR(INDIRECT("'Bloque "&$D$38&" Semana "&MID(GF10,2,2)&"'"&"!"&"CC17"),"")
AG11: miércoles | BE11: =IFERROR( IFERROR(IF(NOT(ISBLANK(AK11)),MID(AK11,1,2),"")+IF(NOT(ISBLANK(AO11)),MID(AO11,1,2),"")+IF(NOT(ISBLANK(AS11)),MID(AS11,1,2),"")+IF(NOT(ISBLANK(AW11)),MID(AW11,1,2),"")+IF(NOT(ISBLANK(BA11)),MID(BA11,1,2),""),"")/COUNTA(AK11:BC11)*10/7,"") | BR11: FALSE | BS11: =IFS(BR11=FALSE,"",BS11<>"",BS11,TRUE,NOW()) | BU11: FALSE | BV11: =IFS(BU11=FALSE,"",BV11<>"",BV11,TRUE,NOW()) | BW11: =IF(OR(BS11="",BV11=""),"",BV11-BS11) | BZ11: DL1 | CA11: =IFERROR(IFS(BZ11="DL1", SUMIF($D$40:$D186,"DL1*",AD40:AD186),BZ11="DL2",SUMIF($D$40:$D186,"DL2*",AD40:AD186),$BZ$11="DL3",SUMIF($D$40:$D186,"DL3*",AD40:AD186),BZ11="DL4",SUMIF($D$40:$D186,"DL4*",AD40:AD186),BZ11="DL5",SUMIF($D$40:$D186,"DL5*",AD40:AD186)),"") -> 0 | CB11: =IFERROR(IFS(BZ11="DL1", SUMIF($D$40:$D186,"DL1*",CC40:CC186),BZ11="DL2",SUMIF($D$40:$D186,"DL2*",CC40:CC186),$BZ$11="DL3",SUMIF($D$40:$D186,"DL3*",CC40:CC186),BZ11="DL4",SUMIF($D$40:$D186,"DL4*",CC40:CC186),BZ11="DL5",SUMIF($D$40:$D186,"DL5*",CC40:CC186)),"") -> 0 | CC11: =IFERROR(IFS(BZ11="DL1", SUMIF($D$40:$D186,"DL1*",CE40:CE186),BZ11="DL2",SUMIF($D$40:$D186,"DL2*",CE40:CE186),$BZ$11="DL3",SUMIF($D$40:$D186,"DL3*",CE40:CE186),BZ11="DL4",SUMIF($D$40:$D186,"DL4*",CE40:CE186),BZ11="DL5",SUMIF($D$40:$D186,"DL5*",CE40:CE186)),"") -> 0 | CD11: =IFERROR(IFS(BZ11="DL1",AVERAGEIF(D40:D186,"DL1*",CA40:CH186),BZ11="DL2",AVERAGEIF(D40:D186,"DL2*",CA40:CH186),BZ11="DL3",AVERAGEIF(D40:D186,"DL3*",CA40:CH186),BZ11="DL4",AVERAGEIF(D40:D186,"DL4*",CA40:CH186),BZ11="DL5",AVERAGEIF(D40:D186,"DL5*",CA40:CH186)),"") | CE11: =IFERROR( IFS($CE$8="e1RM Bryzcki", IFS(BZ11="DL1",AVERAGEIF(D40:D186,"DL1*",CH40:CH186),BZ11="DL2",AVERAGEIF(D40:D186,"DL2*",CH40:CH186),BZ11="DL3",AVERAGEIF(D40:D186,"DL3*",CH40:CH186),BZ11="DL4*",AVERAGEIF(D40:D186,"DL4*",CH40:CH186),BZ11="DL5",AVERAGEIF(D40:D186,"DL5*",CH40:CH186)),$CE$8="e1RM Steve Denovi F1", IFS(BZ11="DL1",AVERAGEIF(D40:D186,"DL1*",CL40:CL186),BZ11="DL2",AVERAGEIF(D40:D186,"DL2*",CL40:CL186),BZ11="DL3",AVERAGEIF(D40:D186,"DL3*",CL40:CL186),BZ11="DL4*",AVERAGEIF(D40:D186,"DL4*",CL40:CL186),BZ11="DL5",AVERAGEIF(D40:D186,"DL5*",CL40:CL186)),$CE$8="e1RM Steve Denovi F2", IFS(BZ11="DL1",AVERAGEIF(D40:D186,"DL1*",CM40:CM186),BZ11="DL2",AVERAGEIF(D40:D186,"DL2*",CM40:CM186),BZ11="DL3",AVERAGEIF(D40:D186,"DL3*",CM40:CM186),BZ11="DL4*",AVERAGEIF(D40:D186,"DL4*",CM40:CM186),BZ11="DL5",AVERAGEIF(D40:D186,"DL5*",CM40:CM186))),"") | CF11: =IFERROR(IFS($BZ$11="DL1",AVERAGEIF($D$40:$D186,"DL1*",$CK$40:$CK186),$BZ$11="DL2",AVERAGEIF($D$40:$D186,"DL2*",$CK$40:$CK186),$BZ$11="DL3",AVERAGEIF($D$40:$D186,"DL3*",$CK$40:$CK186),$BZ$11="DL4",AVERAGEIF($D$40:$D186,"DL4*",$CK$40:$CK186),$BZ$11="DL5",AVERAGEIF($D$40:$D186,"DL5*",$CK$40:$CK186)),"") | CH11: {=IF(NOT($D$37=3),IFERROR(INDIRECT("'Bloque "&$D$38&" Semana "&"3"&"'"&"!"&"E37"),""),"S3")} | CI11: =IFERROR(INDIRECT("'Bloque "&$D$38&" Semana "&MID(CH11,2,2)&"'"&"!"&"AF"&MATCH($CH$7,$D:$D,0)),"") | CJ11: =IFERROR(INDIRECT("'Bloque "&$D$38&" Semana "&MID(CH11,2,2)&"'"&"!"&"AG"&MATCH($CH$7,$D:$D,0)),"") | CK11: =IFERROR(INDIRECT("'Bloque "&$D$38&" Semana "&MID(CH11,2,2)&"'"&"!"&"CB"&MATCH($CH$7,$D:$D,0)),"") | CL11: =IF(CH11="","", CK11-CK10) | CM11: =IFERROR(INDIRECT("'Bloque "&$D$38&" Semana "&MID(CH11,2,2)&"'"&"!"&"CK"&MATCH($CH$7,$D:$D,0)),"") | CN11: =IF(CH11="","", CM11-CM10) | CO11: =IFERROR(INDIRECT("'Bloque "&$D$38&" Semana "&MID(CH11,2,2)&"'"&"!"&"CB"&MATCH($CH$7,$D:$D,0)),"") | CP11: =IFERROR( IF(CH11=0,"",CO11/CQ11),"") | CQ11: =IFERROR( IF(NOT( $CQ$8="1RM PROYECTADA MEJOR A REPS"),VLOOKUP(CM11,$EX$3:$FJ$16,CJ11+1,0),VLOOKUP(CM11,$FL$3:$FX$16,CJ11+1,0)),"") | CR11: =IF(CH11="","", CQ11-CQ10) | DJ11: BP | DK11: =IFERROR(INDIRECT("'Bloque "&$D$38&" Semana "&MID(DK9,2,2)&"'"&"!"&"CD16"),"") | DL11: =IFERROR(INDIRECT("'Bloque "&$D$38&" Semana "&MID(DL9,2,2)&"'"&"!"&"CD16"),"") | DM11: =IFERROR(INDIRECT("'Bloque "&$D$38&" Semana "&MID(DM9,2,2)&"'"&"!"&"CD16"),"") | DN11: =IFERROR(INDIRECT("'Bloque "&$D$38&" Semana "&MID(DN9,2,2)&"'"&"!"&"CD16"),"") | DO11: =IFERROR(INDIRECT("'Bloque "&$D$38&" Semana "&MID(DO9,2,2)&"'"&"!"&"CD16"),"") | DP11: =IFERROR(INDIRECT("'Bloque "&$D$38&" Semana "&MID(DP9,2,2)&"'"&"!"&"CD16"),"") | DQ11: =IFERROR(INDIRECT("'Bloque "&$D$38&" Semana "&MID(DQ9,2,2)&"'"&"!"&"CD16"),"") | DR11: =IFERROR(INDIRECT("'Bloque "&$D$38&" Semana "&MID(DR9,2,2)&"'"&"!"&"CD16"),"") | ... EB11: =IFERROR(INDIRECT("'Bloque "&$D$38&" Semana "&MID(EB9,2,2)&"'"&"!"&"CD16"),"") | EX11: 6.5 | EY11: 0.878 | EZ11: 0.85 | FA11: 0.824 | FB11: 0.799 | FC11: 0.774 | FD11: 0.751 | FE11: 0.723 | FF11: 0.694 | FG11: 0.667 | FH11: 0.64 | FI11: 0.613 | FJ11: 0.586 | FL11: 6.5 | FM11: 0.927 | FN11: 0.895 | FO11: 0.873 | FP11: 0.852 | FQ11: 0.832 | FR11: 0.812 | FS11: 0.792 | FT11: 0.773 | FU11: 0.755 | FV11: 0.736 | FW11: 0.719 | FX11: 0.701 | FZ11: {=IF(NOT($D$37=8),IFERROR(INDIRECT("'Bloque "&$D$38&" Semana "&"8"&"'"&"!"&"E37"),""),"S8")} | GA11: =IFERROR(INDIRECT("'Bloque "&$D$38&" Semana "&MID(FZ11,2,2)&"'"&"!"&"CD15"),"") | GB11: =IFERROR(INDIRECT("'Bloque "&$D$38&" Semana "&MID(FZ11,2,2)&"'"&"!"&"CC15"),"") | GC11: {=IF(NOT($D$37=8),IFERROR(INDIRECT("'Bloque "&$D$38&" Semana "&"8"&"'"&"!"&"E37"),""),"S8")} | GD11: =IFERROR(INDIRECT("'Bloque "&$D$38&" Semana "&MID(GC11,2,2)&"'"&"!"&"CD16"),"") | GE11: =IFERROR(INDIRECT("'Bloque "&$D$38&" Semana "&MID(GC11,2,2)&"'"&"!"&"CC16"),"") | GF11: {=IF(NOT($D$37=8),IFERROR(INDIRECT("'Bloque "&$D$38&" Semana "&"8"&"'"&"!"&"E37"),""),"S8")} | GG11: =IFERROR(INDIRECT("'Bloque "&$D$38&" Semana "&MID(GF11,2,2)&"'"&"!"&"CD17"),"") | GH11: =IFERROR(INDIRECT("'Bloque "&$D$38&" Semana "&MID(GF11,2,2)&"'"&"!"&"CC17"),"")
AG12: jueves | BE12: =IFERROR( IFERROR(IF(NOT(ISBLANK(AK12)),MID(AK12,1,2),"")+IF(NOT(ISBLANK(AO12)),MID(AO12,1,2),"")+IF(NOT(ISBLANK(AS12)),MID(AS12,1,2),"")+IF(NOT(ISBLANK(AW12)),MID(AW12,1,2),"")+IF(NOT(ISBLANK(BA12)),MID(BA12,1,2),""),"")/COUNTA(AK12:BC12)*10/7,"") | BR12: FALSE | BS12: =IFS(BR12=FALSE,"",BS12<>"",BS12,TRUE,NOW()) | BU12: FALSE | BV12: =IFS(BU12=FALSE,"",BV12<>"",BV12,TRUE,NOW()) | BW12: =IF(OR(BS12="",BV12=""),"",BV12-BS12) | CH12: {=IF(NOT($D$37=4),IFERROR(INDIRECT("'Bloque "&$D$38&" Semana "&"4"&"'"&"!"&"E37"),""),"S4")} | CI12: =IFERROR(INDIRECT("'Bloque "&$D$38&" Semana "&MID(CH12,2,2)&"'"&"!"&"AF"&MATCH($CH$7,$D:$D,0)),"") | CJ12: =IFERROR(INDIRECT("'Bloque "&$D$38&" Semana "&MID(CH12,2,2)&"'"&"!"&"AG"&MATCH($CH$7,$D:$D,0)),"") | CK12: =IFERROR(INDIRECT("'Bloque "&$D$38&" Semana "&MID(CH12,2,2)&"'"&"!"&"CB"&MATCH($CH$7,$D:$D,0)),"") | CL12: =IF(CH12="","", CK12-CK11) | CM12: =IFERROR(INDIRECT("'Bloque "&$D$38&" Semana "&MID(CH12,2,2)&"'"&"!"&"CK"&MATCH($CH$7,$D:$D,0)),"") | CN12: =IF(CH12="","", CM12-CM11) | CO12: =IFERROR(INDIRECT("'Bloque "&$D$38&" Semana "&MID(CH12,2,2)&"'"&"!"&"CB"&MATCH($CH$7,$D:$D,0)),"") | CP12: =IFERROR( IF(CH12=0,"",CO12/CQ12),"") | CQ12: =IFERROR( IF(NOT( $CQ$8="1RM PROYECTADA MEJOR A REPS"),VLOOKUP(CM12,$EX$3:$FJ$16,CJ12+1,0),VLOOKUP(CM12,$FL$3:$FX$16,CJ12+1,0)),"") | CR12: =IF(CH12="","", CQ12-CQ11) | DJ12: DL | DK12: =IFERROR(INDIRECT("'Bloque "&$D$38&" Semana "&MID(DK9,2,2)&"'"&"!"&"CD17"),"") | DL12: =IFERROR(INDIRECT("'Bloque "&$D$38&" Semana "&MID(DL9,2,2)&"'"&"!"&"CD17"),"") | DM12: =IFERROR(INDIRECT("'Bloque "&$D$38&" Semana "&MID(DM9,2,2)&"'"&"!"&"CD17"),"") | DN12: =IFERROR(INDIRECT("'Bloque "&$D$38&" Semana "&MID(DN9,2,2)&"'"&"!"&"CD17"),"") | DO12: =IFERROR(INDIRECT("'Bloque "&$D$38&" Semana "&MID(DO9,2,2)&"'"&"!"&"CD17"),"") | DP12: =IFERROR(INDIRECT("'Bloque "&$D$38&" Semana "&MID(DP9,2,2)&"'"&"!"&"CD17"),"") | DQ12: =IFERROR(INDIRECT("'Bloque "&$D$38&" Semana "&MID(DQ9,2,2)&"'"&"!"&"CD17"),"") | DR12: =IFERROR(INDIRECT("'Bloque "&$D$38&" Semana "&MID(DR9,2,2)&"'"&"!"&"CD17"),"") | ... EB12: =IFERROR(INDIRECT("'Bloque "&$D$38&" Semana "&MID(EB9,2,2)&"'"&"!"&"CD17"),"") | EX12: 6 | EY12: 0.863 | EZ12: 0.837 | FA12: 0.811 | FB12: 0.786 | FC12: 0.762 | FD12: 0.739 | FE12: 0.707 | FF12: 0.68 | FG12: 0.653 | FH12: 0.626 | FI12: 0.599 | FJ12: 0.572 | FL12: 6 | FM12: 0.918 | FN12: 0.885 | FO12: 0.864 | FP12: 0.843 | FQ12: 0.823 | FR12: 0.803 | FS12: 0.784 | FT12: 0.765 | FU12: 0.747 | FV12: 0.729 | FW12: 0.711 | FX12: 0.694 | FZ12: {=IF(NOT($D$37=9),IFERROR(INDIRECT("'Bloque "&$D$38&" Semana "&"9"&"'"&"!"&"E37"),""),"S9")} | GA12: =IFERROR(INDIRECT("'Bloque "&$D$38&" Semana "&MID(FZ12,2,2)&"'"&"!"&"CD15"),"") | GB12: =IFERROR(INDIRECT("'Bloque "&$D$38&" Semana "&MID(FZ12,2,2)&"'"&"!"&"CC15"),"") | GC12: {=IF(NOT($D$37=9),IFERROR(INDIRECT("'Bloque "&$D$38&" Semana "&"9"&"'"&"!"&"E37"),""),"S9")} | GD12: =IFERROR(INDIRECT("'Bloque "&$D$38&" Semana "&MID(GC12,2,2)&"'"&"!"&"CD16"),"") | GE12: =IFERROR(INDIRECT("'Bloque "&$D$38&" Semana "&MID(GC12,2,2)&"'"&"!"&"CC16"),"") | GF12: {=IF(NOT($D$37=9),IFERROR(INDIRECT("'Bloque "&$D$38&" Semana "&"9"&"'"&"!"&"E37"),""),"S9")} | GG12: =IFERROR(INDIRECT("'Bloque "&$D$38&" Semana "&MID(GF12,2,2)&"'"&"!"&"CD17"),"") | GH12: =IFERROR(INDIRECT("'Bloque "&$D$38&" Semana "&MID(GF12,2,2)&"'"&"!"&"CC17"),"")
E13: Básico | F13: RM | AG13: viernes | BE13: =IFERROR( IFERROR(IF(NOT(ISBLANK(AK13)),MID(AK13,1,2),"")+IF(NOT(ISBLANK(AO13)),MID(AO13,1,2),"")+IF(NOT(ISBLANK(AS13)),MID(AS13,1,2),"")+IF(NOT(ISBLANK(AW13)),MID(AW13,1,2),"")+IF(NOT(ISBLANK(BA13)),MID(BA13,1,2),""),"")/COUNTA(AK13:BC13)*10/7,"") | BR13: FALSE | BS13: =IFS(BR13=FALSE,"",BS13<>"",BS13,TRUE,NOW()) | BU13: FALSE | BV13: =IFS(BU13=FALSE,"",BV13<>"",BV13,TRUE,NOW()) | BW13: =IF(OR(BS13="",BV13=""),"",BV13-BS13) | BZ13: TOTAL BÁSICOS | CH13: {=IF(NOT($D$37=5),IFERROR(INDIRECT("'Bloque "&$D$38&" Semana "&"5"&"'"&"!"&"E37"),""),"S5")} | CI13: =IFERROR(INDIRECT("'Bloque "&$D$38&" Semana "&MID(CH13,2,2)&"'"&"!"&"AF"&MATCH($CH$7,$D:$D,0)),"") | CJ13: =IFERROR(INDIRECT("'Bloque "&$D$38&" Semana "&MID(CH13,2,2)&"'"&"!"&"AG"&MATCH($CH$7,$D:$D,0)),"") | CK13: =IFERROR(INDIRECT("'Bloque "&$D$38&" Semana "&MID(CH13,2,2)&"'"&"!"&"CB"&MATCH($CH$7,$D:$D,0)),"") | CL13: =IF(CH13="","", CK13-CK12) | CM13: =IFERROR(INDIRECT("'Bloque "&$D$38&" Semana "&MID(CH13,2,2)&"'"&"!"&"CK"&MATCH($CH$7,$D:$D,0)),"") | CN13: =IF(CH13="","", CM13-CM12) | CO13: =IFERROR(INDIRECT("'Bloque "&$D$38&" Semana "&MID(CH13,2,2)&"'"&"!"&"CB"&MATCH($CH$7,$D:$D,0)),"") | CP13: =IFERROR( IF(CH13=0,"",CO13/CQ13),"") | CQ13: =IFERROR( IF(NOT( $CQ$8="1RM PROYECTADA MEJOR A REPS"),VLOOKUP(CM13,$EX$3:$FJ$16,CJ13+1,0),VLOOKUP(CM13,$FL$3:$FX$16,CJ13+1,0)),"") | CR13: =IF(CH13="","", CQ13-CQ12) | EX13: 5.5 | EY13: 0.85 | EZ13: 0.824 | FA13: 0.799 | FB13: 0.774 | FC13: 0.751 | FD13: 0.723 | FE13: 0.694 | FF13: 0.667 | FG13: 0.64 | FH13: 0.613 | FI13: 0.586 | FJ13: 0.558 | FL13: 5.5 | FM13: 0.908 | FN13: 0.876 | FO13: 0.855 | FP13: 0.834 | FQ13: 0.814 | FR13: 0.795 | FS13: 0.775 | FT13: 0.757 | FU13: 0.739 | FV13: 0.721 | FW13: 0.703 | FX13: 0.686 | FZ13: {=IF(NOT($D$37=10),IFERROR(INDIRECT("'Bloque "&$D$38&" Semana "&"10"&"'"&"!"&"E37"),""),"S10")} | GA13: =IFERROR(INDIRECT("'Bloque "&$D$38&" Semana "&MID(FZ13,2,2)&"'"&"!"&"CD15"),"") | GB13: =IFERROR(INDIRECT("'Bloque "&$D$38&" Semana "&MID(FZ13,2,2)&"'"&"!"&"CC15"),"") | GC13: {=IF(NOT($D$37=10),IFERROR(INDIRECT("'Bloque "&$D$38&" Semana "&"10"&"'"&"!"&"E37"),""),"S10")} | GD13: =IFERROR(INDIRECT("'Bloque "&$D$38&" Semana "&MID(GC13,2,2)&"'"&"!"&"CD16"),"") | GE13: =IFERROR(INDIRECT("'Bloque "&$D$38&" Semana "&MID(GC13,2,2)&"'"&"!"&"CC16"),"") | GF13: {=IF(NOT($D$37=10),IFERROR(INDIRECT("'Bloque "&$D$38&" Semana "&"10"&"'"&"!"&"E37"),""),"S10")} | GG13: =IFERROR(INDIRECT("'Bloque "&$D$38&" Semana "&MID(GF13,2,2)&"'"&"!"&"CD17"),"") | GH13: =IFERROR(INDIRECT("'Bloque "&$D$38&" Semana "&MID(GF13,2,2)&"'"&"!"&"CC17"),"")
E14: SQ | F14: 180 | AG14: sábado | BE14: =IFERROR( IFERROR(IF(NOT(ISBLANK(AK14)),MID(AK14,1,2),"")+IF(NOT(ISBLANK(AO14)),MID(AO14,1,2),"")+IF(NOT(ISBLANK(AS14)),MID(AS14,1,2),"")+IF(NOT(ISBLANK(AW14)),MID(AW14,1,2),"")+IF(NOT(ISBLANK(BA14)),MID(BA14,1,2),""),"")/COUNTA(AK14:BC14)*10/7,"") | BR14: FALSE | BS14: =IFS(BR14=FALSE,"",BS14<>"",BS14,TRUE,NOW()) | BU14: FALSE | BV14: =IFS(BU14=FALSE,"",BV14<>"",BV14,TRUE,NOW()) | BW14: =IF(OR(BS14="",BV14=""),"",BV14-BS14) | BZ14: CALC | CA14: Series | CB14: NL | CC14: TON | CD14: I.M.R. | CE14: e1RM Steve Denovi F2 | CF14: RPE MEDIO | CH14: {=IF(NOT($D$37=6),IFERROR(INDIRECT("'Bloque "&$D$38&" Semana "&"6"&"'"&"!"&"E37"),""),"S6")} | CI14: =IFERROR(INDIRECT("'Bloque "&$D$38&" Semana "&MID(CH14,2,2)&"'"&"!"&"AF"&MATCH($CH$7,$D:$D,0)),"") | CJ14: =IFERROR(INDIRECT("'Bloque "&$D$38&" Semana "&MID(CH14,2,2)&"'"&"!"&"AG"&MATCH($CH$7,$D:$D,0)),"") | CK14: =IFERROR(INDIRECT("'Bloque "&$D$38&" Semana "&MID(CH14,2,2)&"'"&"!"&"CB"&MATCH($CH$7,$D:$D,0)),"") | CL14: =IF(CH14="","", CK14-CK13) | CM14: =IFERROR(INDIRECT("'Bloque "&$D$38&" Semana "&MID(CH14,2,2)&"'"&"!"&"CK"&MATCH($CH$7,$D:$D,0)),"") | CN14: =IF(CH14="","", CM14-CM13) | CO14: =IFERROR(INDIRECT("'Bloque "&$D$38&" Semana "&MID(CH14,2,2)&"'"&"!"&"CB"&MATCH($CH$7,$D:$D,0)),"") | CP14: =IFERROR( IF(CH14=0,"",CO14/CQ14),"") | CQ14: =IFERROR( IF(NOT( $CQ$8="1RM PROYECTADA MEJOR A REPS"),VLOOKUP(CM14,$EX$3:$FJ$16,CJ14+1,0),VLOOKUP(CM14,$FL$3:$FX$16,CJ14+1,0)),"") | CR14: =IF(CH14="","", CQ14-CQ13) | DJ14: BÁSICOS NL | EX14: 5 | EY14: 0.837 | EZ14: 0.511 | FA14: 0.786 | FB14: 0.762 | FC14: 0.739 | FD14: 0.707 | FE14: 0.68 | FF14: 0.653 | FG14: 0.626 | FH14: 0.599 | FI14: 0.572 | FJ14: 0.544 | FL14: 5 | FM14: 0.898 | FN14: 0.867 | FO14: 0.846 | FP14: 0.825 | FQ14: 0.805 | FR14: 0.786 | FS14: 0.767 | FT14: 0.749 | FU14: 0.731 | FV14: 0.713 | FW14: 0.696 | FX14: 0.679 | FZ14: {=IF(NOT($D$37=11),IFERROR(INDIRECT("'Bloque "&$D$38&" Semana "&"11"&"'"&"!"&"E37"),""),"S11")} | GA14: =IFERROR(INDIRECT("'Bloque "&$D$38&" Semana "&MID(FZ14,2,2)&"'"&"!"&"CD15"),"") | GB14: =IFERROR(INDIRECT("'Bloque "&$D$38&" Semana "&MID(FZ14,2,2)&"'"&"!"&"CC15"),"") | GC14: {=IF(NOT($D$37=11),IFERROR(INDIRECT("'Bloque "&$D$38&" Semana "&"11"&"'"&"!"&"E37"),""),"S11")} | GD14: =IFERROR(INDIRECT("'Bloque "&$D$38&" Semana "&MID(GC14,2,2)&"'"&"!"&"CD16"),"") | GE14: =IFERROR(INDIRECT("'Bloque "&$D$38&" Semana "&MID(GC14,2,2)&"'"&"!"&"CC16"),"") | GF14: {=IF(NOT($D$37=11),IFERROR(INDIRECT("'Bloque "&$D$38&" Semana "&"11"&"'"&"!"&"E37"),""),"S11")} | GG14: =IFERROR(INDIRECT("'Bloque "&$D$38&" Semana "&MID(GF14,2,2)&"'"&"!"&"CD17"),"") | GH14: =IFERROR(INDIRECT("'Bloque "&$D$38&" Semana "&MID(GF14,2,2)&"'"&"!"&"CC17"),"")
E15: BP | F15: 115 | AG15: domingo | BE15: =IFERROR( IFERROR(IF(NOT(ISBLANK(AK15)),MID(AK15,1,2),"")+IF(NOT(ISBLANK(AO15)),MID(AO15,1,2),"")+IF(NOT(ISBLANK(AS15)),MID(AS15,1,2),"")+IF(NOT(ISBLANK(AW15)),MID(AW15,1,2),"")+IF(NOT(ISBLANK(BA15)),MID(BA15,1,2),""),"")/COUNTA(AK15:BC15)*10/7,"") | BR15: FALSE | BS15: =IFS(BR15=FALSE,"",BS15<>"",BS15,TRUE,NOW()) | BU15: FALSE | BV15: =IFS(BU15=FALSE,"",BV15<>"",BV15,TRUE,NOW()) | BW15: =IF(OR(BS15="",BV15=""),"",BV15-BS15) | BZ15: SQ | CA15: =SUMIF(D40:D186,"SQ*",AD40:AD186) -> 6 | CB15: =SUMIF(D40:D186,"SQ*",CC40:CC186) -> 33 | CC15: =SUMIF(D40:D186,"SQ*",CE40:CE186) -> #VALUE! | CD15: =IFERROR( AVERAGEIF(D40:D186,"SQ*",CA40:CA186),"") | CE15: =IFERROR( IFS($CE$14="e1RM Bryzcki",MAXIFS(CH40:CH186,D40:D186,"SQ*"),$CE$14="e1RM Steve Denovi F1",MAXIFS(CL40:CL186,D40:D186,"SQ*"),$CE$14="e1RM Steve Denovi F2",MAXIFS(CM40:CM186,D40:D186,"SQ*")),"") -> 0 | CF15: =IFERROR( AVERAGEIF($D$40:$D186,"SQ*",$CK$40:$CK186),"") -> 7.25 | CH15: {=IF(NOT($D$37=7),IFERROR(INDIRECT("'Bloque "&$D$38&" Semana "&"7"&"'"&"!"&"E37"),""),"S7")} | CI15: =IFERROR(INDIRECT("'Bloque "&$D$38&" Semana "&MID(CH15,2,2)&"'"&"!"&"AF"&MATCH($CH$7,$D:$D,0)),"") | CJ15: =IFERROR(INDIRECT("'Bloque "&$D$38&" Semana "&MID(CH15,2,2)&"'"&"!"&"AG"&MATCH($CH$7,$D:$D,0)),"") | CK15: =IFERROR(INDIRECT("'Bloque "&$D$38&" Semana "&MID(CH15,2,2)&"'"&"!"&"CB"&MATCH($CH$7,$D:$D,0)),"") | CL15: =IF(CH15="","", CK15-CK14) | CM15: =IFERROR(INDIRECT("'Bloque "&$D$38&" Semana "&MID(CH15,2,2)&"'"&"!"&"CK"&MATCH($CH$7,$D:$D,0)),"") | CN15: =IF(CH15="","", CM15-CM14) | CO15: =IFERROR(INDIRECT("'Bloque "&$D$38&" Semana "&MID(CH15,2,2)&"'"&"!"&"CB"&MATCH($CH$7,$D:$D,0)),"") | CP15: =IFERROR( IF(CH15=0,"",CO15/CQ15),"") | CQ15: =IFERROR( IF(NOT( $CQ$8="1RM PROYECTADA MEJOR A REPS"),VLOOKUP(CM15,$EX$3:$FJ$16,CJ15+1,0),VLOOKUP(CM15,$FL$3:$FX$16,CJ15+1,0)),"") | CR15: =IF(CH15="","", CQ15-CQ14) | DK15: {=IF(NOT($D$37=1),IFERROR(INDIRECT("'Bloque "&$D$38&" Semana "&"1"&"'"&"!"&"E37"),""),"S1")} | DL15: {=IF(NOT($D$37=2),IFERROR(INDIRECT("'Bloque "&$D$38&" Semana "&"2"&"'"&"!"&"E37"),""),"S2")} -> S2 | DM15: {=IF(NOT($D$37=3),IFERROR(INDIRECT("'Bloque "&$D$38&" Semana "&"3"&"'"&"!"&"E37"),""),"S3")} | DN15: {=IF(NOT($D$37=4),IFERROR(INDIRECT("'Bloque "&$D$38&" Semana "&"4"&"'"&"!"&"E37"),""),"S4")} | DO15: {=IF(NOT($D$37=5),IFERROR(INDIRECT("'Bloque "&$D$38&" Semana "&"5"&"'"&"!"&"E37"),""),"S5")} | DP15: {=IF(NOT($D$37=6),IFERROR(INDIRECT("'Bloque "&$D$38&" Semana "&"6"&"'"&"!"&"E37"),""),"S6")} | DQ15: {=IF(NOT($D$37=7),IFERROR(INDIRECT("'Bloque "&$D$38&" Semana "&"7"&"'"&"!"&"E37"),""),"S7")} | DR15: {=IF(NOT($D$37=8),IFERROR(INDIRECT("'Bloque "&$D$38&" Semana "&"8"&"'"&"!"&"E37"),""),"S8")} | DS15: {=IF(NOT($D$37=9),IFERROR(INDIRECT("'Bloque "&$D$38&" Semana "&"9"&"'"&"!"&"E37"),""),"S9")} | DT15: {=IF(NOT($D$37=10),IFERROR(INDIRECT("'Bloque "&$D$38&" Semana "&"10"&"'"&"!"&"E37"),""),"S10")} | DU15: {=IF(NOT($D$37=11),IFERROR(INDIRECT("'Bloque "&$D$38&" Semana "&"11"&"'"&"!"&"E37"),""),"S11")} | DV15: {=IF(NOT($D$37=12),IFERROR(INDIRECT("'Bloque "&$D$38&" Semana "&"12"&"'"&"!"&"E37"),""),"S12")} | DW15: {=IF(NOT($D$37=13),IFERROR(INDIRECT("'Bloque "&$D$38&" Semana "&"13"&"'"&"!"&"E37"),""),"S13")} | DX15: {=IF(NOT($D$37=14),IFERROR(INDIRECT("'Bloque "&$D$38&" Semana "&"14"&"'"&"!"&"E37"),""),"S14")} | DY15: {=IF(NOT($D$37=15),IFERROR(INDIRECT("'Bloque "&$D$38&" Semana "&"15"&"'"&"!"&"E37"),""),"S15")} | DZ15: {=IF(NOT($D$37=16),IFERROR(INDIRECT("'Bloque "&$D$38&" Semana "&"16"&"'"&"!"&"E37"),""),"S16")} | EA15: {=IF(NOT($D$37=17),IFERROR(INDIRECT("'Bloque "&$D$38&" Semana "&"17"&"'"&"!"&"E37"),""),"S17")} | EB15: {=IF(NOT($D$37=18),IFERROR(INDIRECT("'Bloque "&$D$38&" Semana "&"18"&"'"&"!"&"E37"),""),"S18")} | EX15: 4.5 | EY15: 0.824 | EZ15: 0.799 | FA15: 0.774 | FB15: 0.751 | FC15: 0.723 | FD15: 0.694 | FE15: 0.667 | FF15: 0.64 | FG15: 0.613 | FH15: 0.586 | FI15: 0.558 | FJ15: 0.53 | FL15: 4.5 | FM15: 0.888 | FN15: 0.857 | FO15: 0.837 | FP15: 0.816 | FQ15: 0.797 | FR15: 0.778 | FS15: 0.759 | FT15: 0.741 | FU15: 0.723 | FV15: 0.705 | FW15: 0.688 | FX15: 0.672 | FZ15: {=IF(NOT($D$37=12),IFERROR(INDIRECT("'Bloque "&$D$38&" Semana "&"12"&"'"&"!"&"E37"),""),"S12")} | GA15: =IFERROR(INDIRECT("'Bloque "&$D$38&" Semana "&MID(FZ15,2,2)&"'"&"!"&"CD15"),"") | GB15: =IFERROR(INDIRECT("'Bloque "&$D$38&" Semana "&MID(FZ15,2,2)&"'"&"!"&"CC15"),"") | GC15: {=IF(NOT($D$37=12),IFERROR(INDIRECT("'Bloque "&$D$38&" Semana "&"12"&"'"&"!"&"E37"),""),"S12")} | GD15: =IFERROR(INDIRECT("'Bloque "&$D$38&" Semana "&MID(GC15,2,2)&"'"&"!"&"CD16"),"") | GE15: =IFERROR(INDIRECT("'Bloque "&$D$38&" Semana "&MID(GC15,2,2)&"'"&"!"&"CC16"),"") | GF15: {=IF(NOT($D$37=12),IFERROR(INDIRECT("'Bloque "&$D$38&" Semana "&"12"&"'"&"!"&"E37"),""),"S12")} | GG15: =IFERROR(INDIRECT("'Bloque "&$D$38&" Semana "&MID(GF15,2,2)&"'"&"!"&"CD17"),"") | GH15: =IFERROR(INDIRECT("'Bloque "&$D$38&" Semana "&MID(GF15,2,2)&"'"&"!"&"CC17"),"")
E16: DL | F16: 240 | X16: A PARTIR DE LO PREESCRITO | AG16: MEDIA | AK16: =IFERROR( IFERROR(IF(NOT(ISBLANK(AK9)),MID(AK9,1,2),"")+IF(NOT(ISBLANK(AK10)),MID(AK10,1,2),"")+IF(NOT(ISBLANK(AK11)),MID(AK11,1,2),"")+IF(NOT(ISBLANK(AK12)),MID(AK12,1,2),"")+IF(NOT(ISBLANK(AK13)),MID(AK13,1,2),"")+IF(NOT(ISBLANK(AK14)),MID(AK14,1,2),"")+IF(NOT(ISBLANK(AK15)),MID(AK15,1,2),""),"")/COUNTA(AK9:AK15),"") | AM16: /7 | AO16: =IFERROR( IFERROR(IF(NOT(ISBLANK(AO9)),MID(AO9,1,2),"")+IF(NOT(ISBLANK(AO10)),MID(AO10,1,2),"")+IF(NOT(ISBLANK(AO11)),MID(AO11,1,2),"")+IF(NOT(ISBLANK(AO12)),MID(AO12,1,2),"")+IF(NOT(ISBLANK(AO13)),MID(AO13,1,2),"")+IF(NOT(ISBLANK(AO14)),MID(AO14,1,2),"")+IF(NOT(ISBLANK(AO15)),MID(AO15,1,2),""),"")/COUNTA(AO9:AO15),"") | AQ16: /7 | AS16: =IFERROR( IFERROR(IF(NOT(ISBLANK(AS9)),MID(AS9,1,2),"")+IF(NOT(ISBLANK(AS10)),MID(AS10,1,2),"")+IF(NOT(ISBLANK(AS11)),MID(AS11,1,2),"")+IF(NOT(ISBLANK(AS12)),MID(AS12,1,2),"")+IF(NOT(ISBLANK(AS13)),MID(AS13,1,2),"")+IF(NOT(ISBLANK(AS14)),MID(AS14,1,2),"")+IF(NOT(ISBLANK(AS15)),MID(AS15,1,2),""),"")/COUNTA(AS9:AS15),"") | AU16: /7 | AW16: =IFERROR( IFERROR(IF(NOT(ISBLANK(AW9)),MID(AW9,1,2),"")+IF(NOT(ISBLANK(AW10)),MID(AW10,1,2),"")+IF(NOT(ISBLANK(AW11)),MID(AW11,1,2),"")+IF(NOT(ISBLANK(AW12)),MID(AW12,1,2),"")+IF(NOT(ISBLANK(AW13)),MID(AW13,1,2),"")+IF(NOT(ISBLANK(AW14)),MID(AW14,1,2),"")+IF(NOT(ISBLANK(AW15)),MID(AW15,1,2),""),"")/COUNTA(AW9:AW15),"") | AY16: /7 | BA16: =IFERROR( IFERROR(IF(NOT(ISBLANK(BA9)),MID(BA9,1,2),"")+IF(NOT(ISBLANK(BA10)),MID(BA10,1,2),"")+IF(NOT(ISBLANK(BA11)),MID(BA11,1,2),"")+IF(NOT(ISBLANK(BA12)),MID(BA12,1,2),"")+IF(NOT(ISBLANK(BA13)),MID(BA13,1,2),"")+IF(NOT(ISBLANK(BA14)),MID(BA14,1,2),"")+IF(NOT(ISBLANK(BA15)),MID(BA15,1,2),""),"")/COUNTA(BA9:BA15),"") | BC16: /7 | BI16: =IFERROR( IFERROR(IF(NOT(ISBLANK(BI9)),MID(BI9,1,2),"")+IF(NOT(ISBLANK(BI10)),MID(BI10,1,2),"")+IF(NOT(ISBLANK(BI11)),MID(BI11,1,2),"")+IF(NOT(ISBLANK(BI12)),MID(BI12,1,2),"")+IF(NOT(ISBLANK(BI13)),MID(BI13,1,2),"")+IF(NOT(ISBLANK(BI14)),MID(BI14,1,2),"")+IF(NOT(ISBLANK(BI15)),MID(BI15,1,2),""),"")/COUNTA(BI9:BK15),"") | BK16: /10 | BM16: =IFERROR( IFERROR(IF(NOT(ISBLANK(BM9)),MID(BM9,1,2),"")+IF(NOT(ISBLANK(BM10)),MID(BM10,1,2),"")+IF(NOT(ISBLANK(BM11)),MID(BM11,1,2),"")+IF(NOT(ISBLANK(BM12)),MID(BM12,1,2),"")+IF(NOT(ISBLANK(BM13)),MID(BM13,1,2),"")+IF(NOT(ISBLANK(BM14)),MID(BM14,1,2),"")+IF(NOT(ISBLANK(BM15)),MID(BM15,1,2),""),"")/COUNTA(BM9:BQ15),"") | BQ16: /10 | BV16: PROMEDIO DE TIEMPO DE SESIÓN | BW16: =IFERROR( AVERAGE(BW9:BW15),"") | BZ16: BP | CA16: =SUMIF(D40:D186,"BP*",AD40:AD186) -> 10 | CB16: =SUMIF(D40:D186,"BP*",CC40:CC186) -> 49 | CC16: =SUMIF(D40:D186,"BP*",CE40:CE186) -> #VALUE! | CD16: =IFERROR( AVERAGEIF(D40:D186,"BP*",CA40:CA186),"") | CE16: =IFERROR( IFS($CE$14="e1RM Bryzcki",MAXIFS(CH40:CH186,D40:D186,"BP*"),$CE$14="e1RM Steve Denovi F1",MAXIFS(CL40:CL186,D40:D186,"BP*"),$CE$14="e1RM Steve Denovi F2",MAXIFS(CM40:CM186,D40:D186,"BP*")),"") -> 0 | CF16: =IFERROR( AVERAGEIF($D$40:$D186,"BP*",$CK$40:$CK186),"") -> 6.5138889 | CH16: {=IF(NOT($D$37=8),IFERROR(INDIRECT("'Bloque "&$D$38&" Semana "&"8"&"'"&"!"&"E37"),""),"S8")} | CI16: =IFERROR(INDIRECT("'Bloque "&$D$38&" Semana "&MID(CH16,2,2)&"'"&"!"&"AF"&MATCH($CH$7,$D:$D,0)),"") | CJ16: =IFERROR(INDIRECT("'Bloque "&$D$38&" Semana "&MID(CH16,2,2)&"'"&"!"&"AG"&MATCH($CH$7,$D:$D,0)),"") | CK16: =IFERROR(INDIRECT("'Bloque "&$D$38&" Semana "&MID(CH16,2,2)&"'"&"!"&"CB"&MATCH($CH$7,$D:$D,0)),"") | CL16: =IF(CH16="","", CK16-CK15) | CM16: =IFERROR(INDIRECT("'Bloque "&$D$38&" Semana "&MID(CH16,2,2)&"'"&"!"&"CK"&MATCH($CH$7,$D:$D,0)),"") | CN16: =IF(CH16="","", CM16-CM15) | CO16: =IFERROR(INDIRECT("'Bloque "&$D$38&" Semana "&MID(CH16,2,2)&"'"&"!"&"CB"&MATCH($CH$7,$D:$D,0)),"") | CP16: =IFERROR( IF(CH16=0,"",CO16/CQ16),"") | CQ16: =IFERROR( IF(NOT( $CQ$8="1RM PROYECTADA MEJOR A REPS"),VLOOKUP(CM16,$EX$3:$FJ$16,CJ16+1,0),VLOOKUP(CM16,$FL$3:$FX$16,CJ16+1,0)),"") | CR16: =IF(CH16="","", CQ16-CQ15) | DJ16: SQ | DK16: =IFERROR(INDIRECT("'Bloque "&$D$38&" Semana "&MID(DK15,2,2)&"'"&"!"&"CB15"),"") | DL16: =IFERROR(INDIRECT("'Bloque "&$D$38&" Semana "&MID(DL15,2,2)&"'"&"!"&"CB15"),"") | DM16: =IFERROR(INDIRECT("'Bloque "&$D$38&" Semana "&MID(DM15,2,2)&"'"&"!"&"CB15"),"") | DN16: =IFERROR(INDIRECT("'Bloque "&$D$38&" Semana "&MID(DN15,2,2)&"'"&"!"&"CB15"),"") | DO16: =IFERROR(INDIRECT("'Bloque "&$D$38&" Semana "&MID(DO15,2,2)&"'"&"!"&"CB15"),"") | DP16: =IFERROR(INDIRECT("'Bloque "&$D$38&" Semana "&MID(DP15,2,2)&"'"&"!"&"CB15"),"") | DQ16: =IFERROR(INDIRECT("'Bloque "&$D$38&" Semana "&MID(DQ15,2,2)&"'"&"!"&"CB15"),"") | DR16: =IFERROR(INDIRECT("'Bloque "&$D$38&" Semana "&MID(DR15,2,2)&"'"&"!"&"CB15"),"") | ... EB16: =IFERROR(INDIRECT("'Bloque "&$D$38&" Semana "&MID(EB15,2,2)&"'"&"!"&"CB15"),"") | EX16: 4 | EY16: 0.811 | EZ16: 0.786 | FA16: 0.762 | FB16: 0.739 | FC16: 0.707 | FD16: 0.68 | FE16: 0.653 | FF16: 0.626 | FG16: 0.599 | FH16: 0.572 | FI16: 0.544 | FJ16: 0.516 | FL16: 4 | FM16: 0.879 | FN16: 0.848 | FO16: 0.828 | FP16: 0.808 | FQ16: 0.788 | FR16: 0.769 | FS16: 0.751 | FT16: 0.733 | FU16: 0.715 | FV16: 0.698 | FW16: 0.681 | FX16: 0.665 | FZ16: {=IF(NOT($D$37=13),IFERROR(INDIRECT("'Bloque "&$D$38&" Semana "&"13"&"'"&"!"&"E37"),""),"S13")} | GA16: =IFERROR(INDIRECT("'Bloque "&$D$38&" Semana "&MID(FZ16,2,2)&"'"&"!"&"CD15"),"") | GB16: =IFERROR(INDIRECT("'Bloque "&$D$38&" Semana "&MID(FZ16,2,2)&"'"&"!"&"CC15"),"") | GC16: {=IF(NOT($D$37=13),IFERROR(INDIRECT("'Bloque "&$D$38&" Semana "&"13"&"'"&"!"&"E37"),""),"S13")} | GD16: =IFERROR(INDIRECT("'Bloque "&$D$38&" Semana "&MID(GC16,2,2)&"'"&"!"&"CD16"),"") | GE16: =IFERROR(INDIRECT("'Bloque "&$D$38&" Semana "&MID(GC16,2,2)&"'"&"!"&"CC16"),"") | GF16: {=IF(NOT($D$37=13),IFERROR(INDIRECT("'Bloque "&$D$38&" Semana "&"13"&"'"&"!"&"E37"),""),"S13")} | GG16: =IFERROR(INDIRECT("'Bloque "&$D$38&" Semana "&MID(GF16,2,2)&"'"&"!"&"CD17"),"") | GH16: =IFERROR(INDIRECT("'Bloque "&$D$38&" Semana "&MID(GF16,2,2)&"'"&"!"&"CC17"),"")
E17: ="BIENVENIDO A RV STRENGTH "&'Introducción'!B19&" "&'Introducción'!B20 -> #REF! | T17: =NOW() -> 46052.881 | X17: TOTAL BÁSICOS | AG17: FATIGA SEMANAL | AK17: =IFERROR(AVERAGE(AK16,AO16,AS16,AW16,BA16)*10/7,"") | AM17: /10 | BZ17: DL | CA17: =SUMIF(D40:D186,"DL*",AD40:AD186) -> 0 | CB17: =SUMIF(D40:D186,"DL*",CC40:CC186) -> 0 | CC17: =SUMIF(D40:D186,"DL*",CE40:CE186) -> 0 | CD17: =IFERROR( AVERAGEIF(D40:D186,"DL*",CA40:CA186),"") | CE17: =IFERROR( IFS($CE$14="e1RM Bryzcki",MAXIFS(CH40:CH186,D40:D186,"DL*"),$CE$14="e1RM Steve Denovi F1",MAXIFS(CL40:CL186,D40:D186,"DL*"),$CE$14="e1RM Steve Denovi F2",MAXIFS(CM40:CM186,D40:D186,"DL*")),"") -> 0 | CF17: =IFERROR( AVERAGEIF($D$40:$D186,"DL*",$CK$40:$CK186),"") | CH17: {=IF(NOT($D$37=9),IFERROR(INDIRECT("'Bloque "&$D$38&" Semana "&"9"&"'"&"!"&"E37"),""),"S9")} | CI17: =IFERROR(INDIRECT("'Bloque "&$D$38&" Semana "&MID(CH17,2,2)&"'"&"!"&"AF"&MATCH($CH$7,$D:$D,0)),"") | CJ17: =IFERROR(INDIRECT("'Bloque "&$D$38&" Semana "&MID(CH17,2,2)&"'"&"!"&"AG"&MATCH($CH$7,$D:$D,0)),"") | CK17: =IFERROR(INDIRECT("'Bloque "&$D$38&" Semana "&MID(CH17,2,2)&"'"&"!"&"CB"&MATCH($CH$7,$D:$D,0)),"") | CL17: =IF(CH17="","", CK17-CK16) | CM17: =IFERROR(INDIRECT("'Bloque "&$D$38&" Semana "&MID(CH17,2,2)&"'"&"!"&"CK"&MATCH($CH$7,$D:$D,0)),"") | CN17: =IF(CH17="","", CM17-CM16) | CO17: =IFERROR(INDIRECT("'Bloque "&$D$38&" Semana "&MID(CH17,2,2)&"'"&"!"&"CB"&MATCH($CH$7,$D:$D,0)),"") | CP17: =IFERROR( IF(CH17=0,"",CO17/CQ17),"") | CQ17: =IFERROR( IF(NOT( $CQ$8="1RM PROYECTADA MEJOR A REPS"),VLOOKUP(CM17,$EX$3:$FJ$16,CJ17+1,0),VLOOKUP(CM17,$FL$3:$FX$16,CJ17+1,0)),"") | CR17: =IF(CH17="","", CQ17-CQ16) | DJ17: BP | DK17: =IFERROR(INDIRECT("'Bloque "&$D$38&" Semana "&MID(DK15,2,2)&"'"&"!"&"CB16"),"") | DL17: =IFERROR(INDIRECT("'Bloque "&$D$38&" Semana "&MID(DL15,2,2)&"'"&"!"&"CB16"),"") | DM17: =IFERROR(INDIRECT("'Bloque "&$D$38&" Semana "&MID(DM15,2,2)&"'"&"!"&"CB16"),"") | DN17: =IFERROR(INDIRECT("'Bloque "&$D$38&" Semana "&MID(DN15,2,2)&"'"&"!"&"CB16"),"") | DO17: =IFERROR(INDIRECT("'Bloque "&$D$38&" Semana "&MID(DO15,2,2)&"'"&"!"&"CB16"),"") | DP17: =IFERROR(INDIRECT("'Bloque "&$D$38&" Semana "&MID(DP15,2,2)&"'"&"!"&"CB16"),"") | DQ17: =IFERROR(INDIRECT("'Bloque "&$D$38&" Semana "&MID(DQ15,2,2)&"'"&"!"&"CB16"),"") | DR17: =IFERROR(INDIRECT("'Bloque "&$D$38&" Semana "&MID(DR15,2,2)&"'"&"!"&"CB16"),"") | ... EB17: =IFERROR(INDIRECT("'Bloque "&$D$38&" Semana "&MID(EB15,2,2)&"'"&"!"&"CB16"),"") | ED17: ACCESORIOS INTENSIDAD MEDIA | FZ17: {=IF(NOT($D$37=14),IFERROR(INDIRECT("'Bloque "&$D$38&" Semana "&"14"&"'"&"!"&"E37"),""),"S14")} | GA17: =IFERROR(INDIRECT("'Bloque "&$D$38&" Semana "&MID(FZ17,2,2)&"'"&"!"&"CD15"),"") | GB17: =IFERROR(INDIRECT("'Bloque "&$D$38&" Semana "&MID(FZ17,2,2)&"'"&"!"&"CC15"),"") | GC17: {=IF(NOT($D$37=14),IFERROR(INDIRECT("'Bloque "&$D$38&" Semana "&"14"&"'"&"!"&"E37"),""),"S14")} | GD17: =IFERROR(INDIRECT("'Bloque "&$D$38&" Semana "&MID(GC17,2,2)&"'"&"!"&"CD16"),"") | GE17: =IFERROR(INDIRECT("'Bloque "&$D$38&" Semana "&MID(GC17,2,2)&"'"&"!"&"CC16"),"") | GF17: {=IF(NOT($D$37=14),IFERROR(INDIRECT("'Bloque "&$D$38&" Semana "&"14"&"'"&"!"&"E37"),""),"S14")} | GG17: =IFERROR(INDIRECT("'Bloque "&$D$38&" Semana "&MID(GF17,2,2)&"'"&"!"&"CD17"),"") | GH17: =IFERROR(INDIRECT("'Bloque "&$D$38&" Semana "&MID(GF17,2,2)&"'"&"!"&"CC17"),"")
E18: OBJETIVOS DE LA SEMANA | X18: CALC | Y18: SETS | Z18: TON | AA18: I.M.R | AB18: NL | AC18: RPE MEDIO | AG18: El siguiente apartado lo debes rellenar una vez a la semana cuando te indique tu entrenador para tener mayor información sobre tu estado al finalizar la semana de entrenamiento. | BZ18: TOTAL | CA18: =SUM(CA15:CA17) -> 16 | CB18: =SUM(CB15:CB17) -> 82 | CE18: =SUM(CE15:CE17) -> 0 | CH18: {=IF(NOT($D$37=10),IFERROR(INDIRECT("'Bloque "&$D$38&" Semana "&"10"&"'"&"!"&"E37"),""),"S10")} | CI18: =IFERROR(INDIRECT("'Bloque "&$D$38&" Semana "&MID(CH18,2,2)&"'"&"!"&"AF"&MATCH($CH$7,$D:$D,0)),"") | CJ18: =IFERROR(INDIRECT("'Bloque "&$D$38&" Semana "&MID(CH18,2,2)&"'"&"!"&"AG"&MATCH($CH$7,$D:$D,0)),"") | CK18: =IFERROR(INDIRECT("'Bloque "&$D$38&" Semana "&MID(CH18,2,2)&"'"&"!"&"CB"&MATCH($CH$7,$D:$D,0)),"") | CL18: =IF(CH18="","", CK18-CK17) | CM18: =IFERROR(INDIRECT("'Bloque "&$D$38&" Semana "&MID(CH18,2,2)&"'"&"!"&"CK"&MATCH($CH$7,$D:$D,0)),"") | CN18: =IF(CH18="","", CM18-CM17) | CO18: =IFERROR(INDIRECT("'Bloque "&$D$38&" Semana "&MID(CH18,2,2)&"'"&"!"&"CB"&MATCH($CH$7,$D:$D,0)),"") | CP18: =IFERROR( IF(CH18=0,"",CO18/CQ18),"") | CQ18: =IFERROR( IF(NOT( $CQ$8="1RM PROYECTADA MEJOR A REPS"),VLOOKUP(CM18,$EX$3:$FJ$16,CJ18+1,0),VLOOKUP(CM18,$FL$3:$FX$16,CJ18+1,0)),"") | CR18: =IF(CH18="","", CQ18-CQ17) | DJ18: DL | DK18: =IFERROR(INDIRECT("'Bloque "&$D$38&" Semana "&MID(DK15,2,2)&"'"&"!"&"CB17"),"") | DL18: =IFERROR(INDIRECT("'Bloque "&$D$38&" Semana "&MID(DL15,2,2)&"'"&"!"&"CB17"),"") | DM18: =IFERROR(INDIRECT("'Bloque "&$D$38&" Semana "&MID(DM15,2,2)&"'"&"!"&"CB17"),"") | DN18: =IFERROR(INDIRECT("'Bloque "&$D$38&" Semana "&MID(DN15,2,2)&"'"&"!"&"CB17"),"") | DO18: =IFERROR(INDIRECT("'Bloque "&$D$38&" Semana "&MID(DO15,2,2)&"'"&"!"&"CB17"),"") | DP18: =IFERROR(INDIRECT("'Bloque "&$D$38&" Semana "&MID(DP15,2,2)&"'"&"!"&"CB17"),"") | DQ18: =IFERROR(INDIRECT("'Bloque "&$D$38&" Semana "&MID(DQ15,2,2)&"'"&"!"&"CB17"),"") | DR18: =IFERROR(INDIRECT("'Bloque "&$D$38&" Semana "&MID(DR15,2,2)&"'"&"!"&"CB17"),"") | ... EB18: =IFERROR(INDIRECT("'Bloque "&$D$38&" Semana "&MID(EB15,2,2)&"'"&"!"&"CB17"),"") | EE18: {=IF(NOT($D$37=1),IFERROR(INDIRECT("'Bloque "&$D$38&" Semana "&"1"&"'"&"!"&"E37"),""),"S1")} | EF18: {=IF(NOT($D$37=2),IFERROR(INDIRECT("'Bloque "&$D$38&" Semana "&"2"&"'"&"!"&"E37"),""),"S2")} -> S2 | EG18: {=IF(NOT($D$37=3),IFERROR(INDIRECT("'Bloque "&$D$38&" Semana "&"3"&"'"&"!"&"E37"),""),"S3")} | EH18: {=IF(NOT($D$37=4),IFERROR(INDIRECT("'Bloque "&$D$38&" Semana "&"4"&"'"&"!"&"E37"),""),"S4")} | EI18: {=IF(NOT($D$37=5),IFERROR(INDIRECT("'Bloque "&$D$38&" Semana "&"5"&"'"&"!"&"E37"),""),"S5")} | EJ18: {=IF(NOT($D$37=6),IFERROR(INDIRECT("'Bloque "&$D$38&" Semana "&"6"&"'"&"!"&"E37"),""),"S6")} | EK18: {=IF(NOT($D$37=7),IFERROR(INDIRECT("'Bloque "&$D$38&" Semana "&"7"&"'"&"!"&"E37"),""),"S7")} | EL18: {=IF(NOT($D$37=8),IFERROR(INDIRECT("'Bloque "&$D$38&" Semana "&"8"&"'"&"!"&"E37"),""),"S8")} | EM18: {=IF(NOT($D$37=9),IFERROR(INDIRECT("'Bloque "&$D$38&" Semana "&"9"&"'"&"!"&"E37"),""),"S9")} | EN18: {=IF(NOT($D$37=10),IFERROR(INDIRECT("'Bloque "&$D$38&" Semana "&"10"&"'"&"!"&"E37"),""),"S10")} | EO18: {=IF(NOT($D$37=11),IFERROR(INDIRECT("'Bloque "&$D$38&" Semana "&"11"&"'"&"!"&"E37"),""),"S11")} | EP18: {=IF(NOT($D$37=12),IFERROR(INDIRECT("'Bloque "&$D$38&" Semana "&"12"&"'"&"!"&"E37"),""),"S12")} | EQ18: {=IF(NOT($D$37=13),IFERROR(INDIRECT("'Bloque "&$D$38&" Semana "&"13"&"'"&"!"&"E37"),""),"S13")} | ER18: {=IF(NOT($D$37=14),IFERROR(INDIRECT("'Bloque "&$D$38&" Semana "&"14"&"'"&"!"&"E37"),""),"S14")} | ES18: {=IF(NOT($D$37=15),IFERROR(INDIRECT("'Bloque "&$D$38&" Semana "&"15"&"'"&"!"&"E37"),""),"S15")} | ET18: {=IF(NOT($D$37=16),IFERROR(INDIRECT("'Bloque "&$D$38&" Semana "&"16"&"'"&"!"&"E37"),""),"S16")} | EU18: {=IF(NOT($D$37=17),IFERROR(INDIRECT("'Bloque "&$D$38&" Semana "&"17"&"'"&"!"&"E37"),""),"S17")} | EV18: {=IF(NOT($D$37=18),IFERROR(INDIRECT("'Bloque "&$D$38&" Semana "&"18"&"'"&"!"&"E37"),""),"S18")} | EX18: MEDIA DE AGUJETAS TENSIÓN POR PATRÓN DE MOVIMIENTTO | FZ18: {=IF(NOT($D$37=15),IFERROR(INDIRECT("'Bloque "&$D$38&" Semana "&"15"&"'"&"!"&"E37"),""),"S15")} | GA18: =IFERROR(INDIRECT("'Bloque "&$D$38&" Semana "&MID(FZ18,2,2)&"'"&"!"&"CD15"),"") | GB18: =IFERROR(INDIRECT("'Bloque "&$D$38&" Semana "&MID(FZ18,2,2)&"'"&"!"&"CC15"),"") | GC18: {=IF(NOT($D$37=15),IFERROR(INDIRECT("'Bloque "&$D$38&" Semana "&"15"&"'"&"!"&"E37"),""),"S15")} | GD18: =IFERROR(INDIRECT("'Bloque "&$D$38&" Semana "&MID(GC18,2,2)&"'"&"!"&"CD16"),"") | GE18: =IFERROR(INDIRECT("'Bloque "&$D$38&" Semana "&MID(GC18,2,2)&"'"&"!"&"CC16"),"") | GF18: {=IF(NOT($D$37=15),IFERROR(INDIRECT("'Bloque "&$D$38&" Semana "&"15"&"'"&"!"&"E37"),""),"S15")} | GG18: =IFERROR(INDIRECT("'Bloque "&$D$38&" Semana "&MID(GF18,2,2)&"'"&"!"&"CD17"),"") | GH18: =IFERROR(INDIRECT("'Bloque "&$D$38&" Semana "&MID(GF18,2,2)&"'"&"!"&"CC17"),"")
X19: SQ | Y19: =SUMIF(D40:D186,"SQ*",F40:F186) -> 6 | Z19: =SUMIF(D40:D186,"SQ*",X40:X186) -> 4312.5 | AA19: =IFERROR( AVERAGEIF($D$40:$D186,"SQ*",$AB$40:$AB186),"") | AB19: =SUMIF(D40:D186,"SQ*",Z40:Z186) -> 33 | AC19: =IFERROR( AVERAGEIF($D$40:$D186,"SQ*",$M$40:$M186),"") | AG19: CUESTIONARIO DE BIENESTAR SEMANAL | BZ19: TOTAL ACCESORIOS | CH19: {=IF(NOT($D$37=11),IFERROR(INDIRECT("'Bloque "&$D$38&" Semana "&"11"&"'"&"!"&"E37"),""),"S11")} | CI19: =IFERROR(INDIRECT("'Bloque "&$D$38&" Semana "&MID(CH19,2,2)&"'"&"!"&"AF"&MATCH($CH$7,$D:$D,0)),"") | CJ19: =IFERROR(INDIRECT("'Bloque "&$D$38&" Semana "&MID(CH19,2,2)&"'"&"!"&"AG"&MATCH($CH$7,$D:$D,0)),"") | CK19: =IFERROR(INDIRECT("'Bloque "&$D$38&" Semana "&MID(CH19,2,2)&"'"&"!"&"CB"&MATCH($CH$7,$D:$D,0)),"") | CL19: =IF(CH19="","", CK19-CK18) | CM19: =IFERROR(INDIRECT("'Bloque "&$D$38&" Semana "&MID(CH19,2,2)&"'"&"!"&"CK"&MATCH($CH$7,$D:$D,0)),"") | CN19: =IF(CH19="","", CM19-CM18) | CO19: =IFERROR(INDIRECT("'Bloque "&$D$38&" Semana "&MID(CH19,2,2)&"'"&"!"&"CB"&MATCH($CH$7,$D:$D,0)),"") | CP19: =IFERROR( IF(CH19=0,"",CO19/CQ19),"") | CQ19: =IFERROR( IF(NOT( $CQ$8="1RM PROYECTADA MEJOR A REPS"),VLOOKUP(CM19,$EX$3:$FJ$16,CJ19+1,0),VLOOKUP(CM19,$FL$3:$FX$16,CJ19+1,0)),"") | CR19: =IF(CH19="","", CQ19-CQ18) | ED19: =BZ21 -> Dominante de Rodilla | EE19: =IFERROR(INDIRECT("'Bloque "&$D$38&" Semana "&MID(EE18,2,2)&"'"&"!"&"CE21"),"") | EF19: =IFERROR(INDIRECT("'Bloque "&$D$38&" Semana "&MID(EF18,2,2)&"'"&"!"&"CE21"),"") | EG19: =IFERROR(INDIRECT("'Bloque "&$D$38&" Semana "&MID(EG18,2,2)&"'"&"!"&"CE21"),"") | EH19: =IFERROR(INDIRECT("'Bloque "&$D$38&" Semana "&MID(EH18,2,2)&"'"&"!"&"CE21"),"") | EI19: =IFERROR(INDIRECT("'Bloque "&$D$38&" Semana "&MID(EI18,2,2)&"'"&"!"&"CE21"),"") | EJ19: =IFERROR(INDIRECT("'Bloque "&$D$38&" Semana "&MID(EJ18,2,2)&"'"&"!"&"CE21"),"") | EK19: =IFERROR(INDIRECT("'Bloque "&$D$38&" Semana "&MID(EK18,2,2)&"'"&"!"&"CE21"),"") | EL19: =IFERROR(INDIRECT("'Bloque "&$D$38&" Semana "&MID(EL18,2,2)&"'"&"!"&"CE21"),"") | ... EV19: =IFERROR(INDIRECT("'Bloque "&$D$38&" Semana "&MID(EV18,2,2)&"'"&"!"&"CE21"),"") | EY19: {=IF(NOT($D$37=1),IFERROR(INDIRECT("'Bloque "&$D$38&" Semana "&"1"&"'"&"!"&"E37"),""),"S1")} | EZ19: {=IF(NOT($D$37=2),IFERROR(INDIRECT("'Bloque "&$D$38&" Semana "&"2"&"'"&"!"&"E37"),""),"S2")} -> S2 | FA19: {=IF(NOT($D$37=3),IFERROR(INDIRECT("'Bloque "&$D$38&" Semana "&"3"&"'"&"!"&"E37"),""),"S3")} | FB19: {=IF(NOT($D$37=4),IFERROR(INDIRECT("'Bloque "&$D$38&" Semana "&"4"&"'"&"!"&"E37"),""),"S4")} | FC19: {=IF(NOT($D$37=5),IFERROR(INDIRECT("'Bloque "&$D$38&" Semana "&"5"&"'"&"!"&"E37"),""),"S5")} | FD19: {=IF(NOT($D$37=6),IFERROR(INDIRECT("'Bloque "&$D$38&" Semana "&"6"&"'"&"!"&"E37"),""),"S6")} | FE19: {=IF(NOT($D$37=7),IFERROR(INDIRECT("'Bloque "&$D$38&" Semana "&"7"&"'"&"!"&"E37"),""),"S7")} | FF19: {=IF(NOT($D$37=8),IFERROR(INDIRECT("'Bloque "&$D$38&" Semana "&"8"&"'"&"!"&"E37"),""),"S8")} | FG19: {=IF(NOT($D$37=9),IFERROR(INDIRECT("'Bloque "&$D$38&" Semana "&"9"&"'"&"!"&"E37"),""),"S9")} | FH19: {=IF(NOT($D$37=10),IFERROR(INDIRECT("'Bloque "&$D$38&" Semana "&"10"&"'"&"!"&"E37"),""),"S10")} | FI19: {=IF(NOT($D$37=11),IFERROR(INDIRECT("'Bloque "&$D$38&" Semana "&"11"&"'"&"!"&"E37"),""),"S11")} | FJ19: {=IF(NOT($D$37=12),IFERROR(INDIRECT("'Bloque "&$D$38&" Semana "&"12"&"'"&"!"&"E37"),""),"S12")} | FK19: {=IF(NOT($D$37=13),IFERROR(INDIRECT("'Bloque "&$D$38&" Semana "&"13"&"'"&"!"&"E37"),""),"S13")} | FL19: {=IF(NOT($D$37=14),IFERROR(INDIRECT("'Bloque "&$D$38&" Semana "&"14"&"'"&"!"&"E37"),""),"S14")} | FM19: {=IF(NOT($D$37=15),IFERROR(INDIRECT("'Bloque "&$D$38&" Semana "&"15"&"'"&"!"&"E37"),""),"S15")} | FN19: {=IF(NOT($D$37=16),IFERROR(INDIRECT("'Bloque "&$D$38&" Semana "&"16"&"'"&"!"&"E37"),""),"S16")} | FO19: {=IF(NOT($D$37=17),IFERROR(INDIRECT("'Bloque "&$D$38&" Semana "&"17"&"'"&"!"&"E37"),""),"S17")} | FP19: {=IF(NOT($D$37=18),IFERROR(INDIRECT("'Bloque "&$D$38&" Semana "&"18"&"'"&"!"&"E37"),""),"S18")} | FZ19: {=IF(NOT($D$37=16),IFERROR(INDIRECT("'Bloque "&$D$38&" Semana "&"16"&"'"&"!"&"E37"),""),"S16")} | GA19: =IFERROR(INDIRECT("'Bloque "&$D$38&" Semana "&MID(FZ19,2,2)&"'"&"!"&"CD15"),"") | GB19: =IFERROR(INDIRECT("'Bloque "&$D$38&" Semana "&MID(FZ19,2,2)&"'"&"!"&"CC15"),"") | GC19: {=IF(NOT($D$37=16),IFERROR(INDIRECT("'Bloque "&$D$38&" Semana "&"16"&"'"&"!"&"E37"),""),"S16")} | GD19: =IFERROR(INDIRECT("'Bloque "&$D$38&" Semana "&MID(GC19,2,2)&"'"&"!"&"CD16"),"") | GE19: =IFERROR(INDIRECT("'Bloque "&$D$38&" Semana "&MID(GC19,2,2)&"'"&"!"&"CC16"),"") | GF19: {=IF(NOT($D$37=16),IFERROR(INDIRECT("'Bloque "&$D$38&" Semana "&"16"&"'"&"!"&"E37"),""),"S16")} | GG19: =IFERROR(INDIRECT("'Bloque "&$D$38&" Semana "&MID(GF19,2,2)&"'"&"!"&"CD17"),"") | GH19: =IFERROR(INDIRECT("'Bloque "&$D$38&" Semana "&MID(GF19,2,2)&"'"&"!"&"CC17"),"")
X20: BP | Y20: =SUMIF(D40:D186,"BP*",F40:F186) -> 10 | Z20: =SUMIF(D40:D186,"BP*",X40:X186) -> 4012.5 | AA20: =IFERROR( AVERAGEIF($D$40:$D186,"BP*",$AB$40:$AB186),"") | AB20: =SUMIF(D40:D186,"BP*",Z40:Z186) -> 49 | AC20: =IFERROR( AVERAGEIF($D$40:$D186,"BP*",$M$40:$M186),"") | AG20: ¿Que sensación de agujetas y/o tensión has tenido a lo largo de la semana en las diferentes partes del cuerpo? | BZ20: Patrón | CC20: SERIES | CD20: NL | CE20: avg_RIR | CH20: {=IF(NOT($D$37=12),IFERROR(INDIRECT("'Bloque "&$D$38&" Semana "&"12"&"'"&"!"&"E37"),""),"S12")} | CI20: =IFERROR(INDIRECT("'Bloque "&$D$38&" Semana "&MID(CH20,2,2)&"'"&"!"&"AF"&MATCH($CH$7,$D:$D,0)),"") | CJ20: =IFERROR(INDIRECT("'Bloque "&$D$38&" Semana "&MID(CH20,2,2)&"'"&"!"&"AG"&MATCH($CH$7,$D:$D,0)),"") | CK20: =IFERROR(INDIRECT("'Bloque "&$D$38&" Semana "&MID(CH20,2,2)&"'"&"!"&"CB"&MATCH($CH$7,$D:$D,0)),"") | CL20: =IF(CH20="","", CK20-CK19) | CM20: =IFERROR(INDIRECT("'Bloque "&$D$38&" Semana "&MID(CH20,2,2)&"'"&"!"&"CK"&MATCH($CH$7,$D:$D,0)),"") | CN20: =IF(CH20="","", CM20-CM19) | CO20: =IFERROR(INDIRECT("'Bloque "&$D$38&" Semana "&MID(CH20,2,2)&"'"&"!"&"CB"&MATCH($CH$7,$D:$D,0)),"") | CP20: =IFERROR( IF(CH20=0,"",CO20/CQ20),"") | CQ20: =IFERROR( IF(NOT( $CQ$8="1RM PROYECTADA MEJOR A REPS"),VLOOKUP(CM20,$EX$3:$FJ$16,CJ20+1,0),VLOOKUP(CM20,$FL$3:$FX$16,CJ20+1,0)),"") | CR20: =IF(CH20="","", CQ20-CQ19) | DJ20: BÁSICOS pred1RM | ED20: =BZ22 -> Bisagra de Cadera | EE20: =IFERROR(INDIRECT("'Bloque "&$D$38&" Semana "&MID(EE18,2,2)&"'"&"!"&"CE22"),"") | EF20: =IFERROR(INDIRECT("'Bloque "&$D$38&" Semana "&MID(EF18,2,2)&"'"&"!"&"CE22"),"") | EG20: =IFERROR(INDIRECT("'Bloque "&$D$38&" Semana "&MID(EG18,2,2)&"'"&"!"&"CE22"),"") | EH20: =IFERROR(INDIRECT("'Bloque "&$D$38&" Semana "&MID(EH18,2,2)&"'"&"!"&"CE22"),"") | EI20: =IFERROR(INDIRECT("'Bloque "&$D$38&" Semana "&MID(EI18,2,2)&"'"&"!"&"CE22"),"") | EJ20: =IFERROR(INDIRECT("'Bloque "&$D$38&" Semana "&MID(EJ18,2,2)&"'"&"!"&"CE22"),"") | EK20: =IFERROR(INDIRECT("'Bloque "&$D$38&" Semana "&MID(EK18,2,2)&"'"&"!"&"CE22"),"") | EL20: =IFERROR(INDIRECT("'Bloque "&$D$38&" Semana "&MID(EL18,2,2)&"'"&"!"&"CE22"),"") | ... EV20: =IFERROR(INDIRECT("'Bloque "&$D$38&" Semana "&MID(EV18,2,2)&"'"&"!"&"CE22"),"") | EX20: SQUAT | FZ20: {=IF(NOT($D$37=17),IFERROR(INDIRECT("'Bloque "&$D$38&" Semana "&"17"&"'"&"!"&"E37"),""),"S17")} | GA20: =IFERROR(INDIRECT("'Bloque "&$D$38&" Semana "&MID(FZ20,2,2)&"'"&"!"&"CD15"),"") | GB20: =IFERROR(INDIRECT("'Bloque "&$D$38&" Semana "&MID(FZ20,2,2)&"'"&"!"&"CC15"),"") | GC20: {=IF(NOT($D$37=17),IFERROR(INDIRECT("'Bloque "&$D$38&" Semana "&"17"&"'"&"!"&"E37"),""),"S17")} | GD20: =IFERROR(INDIRECT("'Bloque "&$D$38&" Semana "&MID(GC20,2,2)&"'"&"!"&"CD16"),"") | GE20: =IFERROR(INDIRECT("'Bloque "&$D$38&" Semana "&MID(GC20,2,2)&"'"&"!"&"CC16"),"") | GF20: {=IF(NOT($D$37=17),IFERROR(INDIRECT("'Bloque "&$D$38&" Semana "&"17"&"'"&"!"&"E37"),""),"S17")} | GG20: =IFERROR(INDIRECT("'Bloque "&$D$38&" Semana "&MID(GF20,2,2)&"'"&"!"&"CD17"),"") | GH20: =IFERROR(INDIRECT("'Bloque "&$D$38&" Semana "&MID(GF20,2,2)&"'"&"!"&"CC17"),"")
X21: DL | Y21: =SUMIF(D40:D186,"DL*",F40:F186) -> 3 | Z21: =SUMIF(D40:D186,"DL*",X40:X186) -> 3105 | AA21: =IFERROR( AVERAGEIF($D$40:$D186,"DL*",$AB$40:$AB186),"") | AB21: =SUMIF(D40:D186,"DL*",Z40:Z186) -> 18 | AC21: =IFERROR( AVERAGEIF($D$40:$D186,"DL*",$M$40:$M186),"") | AM21: Cuádriceps | AQ21: Isquios | AU21: Glúteo | AY21: Aductor | BF21: Pectoral | BJ21: Hombro | BN21: Tríceps | BZ21: Dominante de Rodilla | CC21: =SUMIF($D$40:$D186,BZ21,$AD$40:$AD186) -> 4 | CD21: =SUMIF($D$40:$D186,BZ21,$CC$40:$CC186) -> 32 | CE21: =IFERROR( AVERAGEIF($D$40:$D186,BZ21,$CD$40:$CD186),"") -> 1 | CH21: {=IF(NOT($D$37=13),IFERROR(INDIRECT("'Bloque "&$D$38&" Semana "&"13"&"'"&"!"&"E37"),""),"S13")} | CI21: =IFERROR(INDIRECT("'Bloque "&$D$38&" Semana "&MID(CH21,2,2)&"'"&"!"&"AF"&MATCH($CH$7,$D:$D,0)),"") | CJ21: =IFERROR(INDIRECT("'Bloque "&$D$38&" Semana "&MID(CH21,2,2)&"'"&"!"&"AG"&MATCH($CH$7,$D:$D,0)),"") | CK21: =IFERROR(INDIRECT("'Bloque "&$D$38&" Semana "&MID(CH21,2,2)&"'"&"!"&"CB"&MATCH($CH$7,$D:$D,0)),"") | CL21: =IF(CH21="","", CK21-CK20) | CM21: =IFERROR(INDIRECT("'Bloque "&$D$38&" Semana "&MID(CH21,2,2)&"'"&"!"&"CK"&MATCH($CH$7,$D:$D,0)),"") | CN21: =IF(CH21="","", CM21-CM20) | CO21: =IFERROR(INDIRECT("'Bloque "&$D$38&" Semana "&MID(CH21,2,2)&"'"&"!"&"CB"&MATCH($CH$7,$D:$D,0)),"") | CP21: =IFERROR( IF(CH21=0,"",CO21/CQ21),"") | CQ21: =IFERROR( IF(NOT( $CQ$8="1RM PROYECTADA MEJOR A REPS"),VLOOKUP(CM21,$EX$3:$FJ$16,CJ21+1,0),VLOOKUP(CM21,$FL$3:$FX$16,CJ21+1,0)),"") | CR21: =IF(CH21="","", CQ21-CQ20) | DK21: {=IF(NOT($D$37=1),IFERROR(INDIRECT("'Bloque "&$D$38&" Semana "&"1"&"'"&"!"&"E37"),""),"S1")} | DL21: {=IF(NOT($D$37=2),IFERROR(INDIRECT("'Bloque "&$D$38&" Semana "&"2"&"'"&"!"&"E37"),""),"S2")} -> S2 | DM21: {=IF(NOT($D$37=3),IFERROR(INDIRECT("'Bloque "&$D$38&" Semana "&"3"&"'"&"!"&"E37"),""),"S3")} | DN21: {=IF(NOT($D$37=4),IFERROR(INDIRECT("'Bloque "&$D$38&" Semana "&"4"&"'"&"!"&"E37"),""),"S4")} | DO21: {=IF(NOT($D$37=5),IFERROR(INDIRECT("'Bloque "&$D$38&" Semana "&"5"&"'"&"!"&"E37"),""),"S5")} | DP21: {=IF(NOT($D$37=6),IFERROR(INDIRECT("'Bloque "&$D$38&" Semana "&"6"&"'"&"!"&"E37"),""),"S6")} | DQ21: {=IF(NOT($D$37=7),IFERROR(INDIRECT("'Bloque "&$D$38&" Semana "&"7"&"'"&"!"&"E37"),""),"S7")} | DR21: {=IF(NOT($D$37=8),IFERROR(INDIRECT("'Bloque "&$D$38&" Semana "&"8"&"'"&"!"&"E37"),""),"S8")} | DS21: {=IF(NOT($D$37=9),IFERROR(INDIRECT("'Bloque "&$D$38&" Semana "&"9"&"'"&"!"&"E37"),""),"S9")} | DT21: {=IF(NOT($D$37=10),IFERROR(INDIRECT("'Bloque "&$D$38&" Semana "&"10"&"'"&"!"&"E37"),""),"S10")} | DU21: {=IF(NOT($D$37=11),IFERROR(INDIRECT("'Bloque "&$D$38&" Semana "&"11"&"'"&"!"&"E37"),""),"S11")} | DV21: {=IF(NOT($D$37=12),IFERROR(INDIRECT("'Bloque "&$D$38&" Semana "&"12"&"'"&"!"&"E37"),""),"S12")} | DW21: {=IF(NOT($D$37=13),IFERROR(INDIRECT("'Bloque "&$D$38&" Semana "&"13"&"'"&"!"&"E37"),""),"S13")} | DX21: {=IF(NOT($D$37=14),IFERROR(INDIRECT("'Bloque "&$D$38&" Semana "&"14"&"'"&"!"&"E37"),""),"S14")} | DY21: {=IF(NOT($D$37=15),IFERROR(INDIRECT("'Bloque "&$D$38&" Semana "&"15"&"'"&"!"&"E37"),""),"S15")} | DZ21: {=IF(NOT($D$37=16),IFERROR(INDIRECT("'Bloque "&$D$38&" Semana "&"16"&"'"&"!"&"E37"),""),"S16")} | EA21: {=IF(NOT($D$37=17),IFERROR(INDIRECT("'Bloque "&$D$38&" Semana "&"17"&"'"&"!"&"E37"),""),"S17")} | EB21: {=IF(NOT($D$37=18),IFERROR(INDIRECT("'Bloque "&$D$38&" Semana "&"18"&"'"&"!"&"E37"),""),"S18")} | ED21: =BZ23 -> Empuje Horizontal | EE21: =IFERROR(INDIRECT("'Bloque "&$D$38&" Semana "&MID(EE18,2,2)&"'"&"!"&"CE23"),"") | EF21: =IFERROR(INDIRECT("'Bloque "&$D$38&" Semana "&MID(EF18,2,2)&"'"&"!"&"CE23"),"") | EG21: =IFERROR(INDIRECT("'Bloque "&$D$38&" Semana "&MID(EG18,2,2)&"'"&"!"&"CE23"),"") | EH21: =IFERROR(INDIRECT("'Bloque "&$D$38&" Semana "&MID(EH18,2,2)&"'"&"!"&"CE23"),"") | EI21: =IFERROR(INDIRECT("'Bloque "&$D$38&" Semana "&MID(EI18,2,2)&"'"&"!"&"CE23"),"") | EJ21: =IFERROR(INDIRECT("'Bloque "&$D$38&" Semana "&MID(EJ18,2,2)&"'"&"!"&"CE23"),"") | EK21: =IFERROR(INDIRECT("'Bloque "&$D$38&" Semana "&MID(EK18,2,2)&"'"&"!"&"CE23"),"") | EL21: =IFERROR(INDIRECT("'Bloque "&$D$38&" Semana "&MID(EL18,2,2)&"'"&"!"&"CE23"),"") | ... EV21: =IFERROR(INDIRECT("'Bloque "&$D$38&" Semana "&MID(EV18,2,2)&"'"&"!"&"CE23"),"") | EX21: BISAGRA DE CADERA | FZ21: {=IF(NOT($D$37=18),IFERROR(INDIRECT("'Bloque "&$D$38&" Semana "&"18"&"'"&"!"&"E37"),""),"S18")} | GA21: =IFERROR(INDIRECT("'Bloque "&$D$38&" Semana "&MID(FZ21,2,2)&"'"&"!"&"CD15"),"") | GB21: =IFERROR(INDIRECT("'Bloque "&$D$38&" Semana "&MID(FZ21,2,2)&"'"&"!"&"CC15"),"") | GC21: {=IF(NOT($D$37=18),IFERROR(INDIRECT("'Bloque "&$D$38&" Semana "&"18"&"'"&"!"&"E37"),""),"S18")} | GD21: =IFERROR(INDIRECT("'Bloque "&$D$38&" Semana "&MID(GC21,2,2)&"'"&"!"&"CD16"),"") | GE21: =IFERROR(INDIRECT("'Bloque "&$D$38&" Semana "&MID(GC21,2,2)&"'"&"!"&"CC16"),"") | GF21: {=IF(NOT($D$37=18),IFERROR(INDIRECT("'Bloque "&$D$38&" Semana "&"18"&"'"&"!"&"E37"),""),"S18")} | GG21: =IFERROR(INDIRECT("'Bloque "&$D$38&" Semana "&MID(GF21,2,2)&"'"&"!"&"CD17"),"") | GH21: =IFERROR(INDIRECT("'Bloque "&$D$38&" Semana "&MID(GF21,2,2)&"'"&"!"&"CC17"),"")
E22: Dash Board | X22: TOTAL | Y22: =SUM(Y19:Y21) -> 19 | Z22: =SUM(Z19:Z21) -> 11430 | AA22: =IFERROR( AVERAGE(AA19:AA21),"") | AB22: =SUM(AB19:AB21) -> 100 | AC22: =IFERROR( AVERAGE(AC19:AC21),"") | AJ22: Pierna | BC22: Empujes | BZ22: Bisagra de Cadera | CC22: =SUMIF($D$40:$D187,BZ22,$AD$40:$AD187) -> 2 | CD22: =SUMIF($D$40:$D187,BZ22,$CC$40:$CC187) -> 12 | CE22: =IFERROR( AVERAGEIF($D$40:$D187,BZ22,$CD$40:$CD187),"") -> 4 | CH22: {=IF(NOT($D$37=14),IFERROR(INDIRECT("'Bloque "&$D$38&" Semana "&"14"&"'"&"!"&"E37"),""),"S14")} | CI22: =IFERROR(INDIRECT("'Bloque "&$D$38&" Semana "&MID(CH22,2,2)&"'"&"!"&"AF"&MATCH($CH$7,$D:$D,0)),"") | CJ22: =IFERROR(INDIRECT("'Bloque "&$D$38&" Semana "&MID(CH22,2,2)&"'"&"!"&"AG"&MATCH($CH$7,$D:$D,0)),"") | CK22: =IFERROR(INDIRECT("'Bloque "&$D$38&" Semana "&MID(CH22,2,2)&"'"&"!"&"CB"&MATCH($CH$7,$D:$D,0)),"") | CL22: =IF(CH22="","", CK22-CK21) | CM22: =IFERROR(INDIRECT("'Bloque "&$D$38&" Semana "&MID(CH22,2,2)&"'"&"!"&"CK"&MATCH($CH$7,$D:$D,0)),"") | CN22: =IF(CH22="","", CM22-CM21) | CO22: =IFERROR(INDIRECT("'Bloque "&$D$38&" Semana "&MID(CH22,2,2)&"'"&"!"&"CB"&MATCH($CH$7,$D:$D,0)),"") | CP22: =IFERROR( IF(CH22=0,"",CO22/CQ22),"") | CQ22: =IFERROR( IF(NOT( $CQ$8="1RM PROYECTADA MEJOR A REPS"),VLOOKUP(CM22,$EX$3:$FJ$16,CJ22+1,0),VLOOKUP(CM22,$FL$3:$FX$16,CJ22+1,0)),"") | CR22: =IF(CH22="","", CQ22-CQ21) | DJ22: SQ | DK22: =IFERROR(INDIRECT("'Bloque "&$D$38&" Semana "&MID(DK15,2,2)&"'"&"!"&"CE15"),"") | DL22: =IFERROR(INDIRECT("'Bloque "&$D$38&" Semana "&MID(DL15,2,2)&"'"&"!"&"CE15"),"") | DM22: =IFERROR(INDIRECT("'Bloque "&$D$38&" Semana "&MID(DM15,2,2)&"'"&"!"&"CE15"),"") | DN22: =IFERROR(INDIRECT("'Bloque "&$D$38&" Semana "&MID(DN15,2,2)&"'"&"!"&"CE15"),"") | DO22: =IFERROR(INDIRECT("'Bloque "&$D$38&" Semana "&MID(DO15,2,2)&"'"&"!"&"CE15"),"") | DP22: =IFERROR(INDIRECT("'Bloque "&$D$38&" Semana "&MID(DP15,2,2)&"'"&"!"&"CE15"),"") | DQ22: =IFERROR(INDIRECT("'Bloque "&$D$38&" Semana "&MID(DQ15,2,2)&"'"&"!"&"CE15"),"") | DR22: =IFERROR(INDIRECT("'Bloque "&$D$38&" Semana "&MID(DR15,2,2)&"'"&"!"&"CE15"),"") | ... EB22: =IFERROR(INDIRECT("'Bloque "&$D$38&" Semana "&MID(EB15,2,2)&"'"&"!"&"CE15"),"") | ED22: =BZ24 -> Empuje Vertical | EE22: =IFERROR(INDIRECT("'Bloque "&$D$38&" Semana "&MID(EE18,2,2)&"'"&"!"&"CE24"),"") | EF22: =IFERROR(INDIRECT("'Bloque "&$D$38&" Semana "&MID(EF18,2,2)&"'"&"!"&"CE24"),"") | EG22: =IFERROR(INDIRECT("'Bloque "&$D$38&" Semana "&MID(EG18,2,2)&"'"&"!"&"CE24"),"") | EH22: =IFERROR(INDIRECT("'Bloque "&$D$38&" Semana "&MID(EH18,2,2)&"'"&"!"&"CE24"),"") | EI22: =IFERROR(INDIRECT("'Bloque "&$D$38&" Semana "&MID(EI18,2,2)&"'"&"!"&"CE24"),"") | EJ22: =IFERROR(INDIRECT("'Bloque "&$D$38&" Semana "&MID(EJ18,2,2)&"'"&"!"&"CE24"),"") | EK22: =IFERROR(INDIRECT("'Bloque "&$D$38&" Semana "&MID(EK18,2,2)&"'"&"!"&"CE24"),"") | EL22: =IFERROR(INDIRECT("'Bloque "&$D$38&" Semana "&MID(EL18,2,2)&"'"&"!"&"CE24"),"") | ... EV22: =IFERROR(INDIRECT("'Bloque "&$D$38&" Semana "&MID(EV18,2,2)&"'"&"!"&"CE24"),"") | EX22: TRACCIONES
